COD_UF;COD_MUN;COD_DISTRITO;COD_SUBDISTR;SITUACAO;TIPO;TITULO;NOME;NUMERO_VAL;NUMERO_MOD;LONGITUDE;LATITUDE;LOCALIDADE;ESPECIE;CEP
31;30101;5;0;2;RUA;;ASA BRANCA;0;SN     ;44 21 37.3560 W;20 03 5.5440 S;CONDOMINIO SERRA VERDE;1;32900000
31;30101;5;0;2;RUA;;ASA BRANCA;1000;;44 21 42.7740 W;20 03 4.2780 S;CONDOMINIO SERRA VERDE;1;32900000
31;30101;5;0;2;RUA;;ASA BRANCA;1050;;44 21 42.8820 W;20 03 4.0380 S;CONDOMINIO SERRA VERDE;7;32900000
31;30101;5;0;2;RUA;;CHACARA;9;;44 21 43.6620 W;20 02 41.4360 S;3 LAGOAS;1;32900000
31;30101;5;0;2;RUA;;CHACARA;11;;44 21 43.4880 W;20 02 41.8800 S;3 LAGOAS;1;32900000
31;30101;5;0;2;RUA;;CHACARA;9;;44 21 43.6620 W;20 02 41.4360 S;3 LAGOAS;3;32900000
31;30101;5;0;2;RUA;;CHACARA;10;;44 21 43.5780 W;20 02 41.1720 S;3 LAGOAS;3;32900000
31;30101;5;0;2;RUA;;CHACARA;11;;44 21 43.4880 W;20 02 41.8800 S;3 LAGOAS;3;32900000
31;30101;5;0;2;RUA;;CHACARA;10;;44 21 43.5780 W;20 02 41.1720 S;3 LAGOAS;1;32900000
31;30101;5;0;2;RUA;;CHACARA;0;SN     ;44 21 43.9380 W;20 02 40.6440 S;3 LAGOAS;1;32900000
31;30101;5;0;2;RUA;;CHACARA;0;SN     ;44 21 43.9380 W;20 02 40.6440 S;3 LAGOAS;3;32900000
31;30101;5;0;2;RUA;;MATUTINO;311;;44 20 23.0160 W;20 02 39.6780 S;SANTA ROSA;1;32900000
31;30101;5;0;2;RUA;;MATUTINO;0;SN     ;44 20 20.6760 W;20 02 40.1580 S;SANTA ROSA;1;32900000
31;30101;5;0;2;RUA;;ABAETE;49;;44 20 22.1880 W;20 02 35.8740 S;SANTA ROSA;1;32900000
31;30101;5;0;2;RUA;;ABAETE;0;SN     ;44 20 22.3500 W;20 02 36.0900 S;SANTA ROSA;1;32900000
31;30101;5;0;2;RUA;;PARA DE MINAS;186;;44 20 18.8160 W;20 02 35.1240 S;SANTA ROSA;1;32900000
31;30101;5;0;2;RUA;;PARA DE MINAS;177;;44 20 18.3660 W;20 02 35.3580 S;SANTA ROSA;1;32900000
31;30101;5;0;2;RUA;;MARTINHO CAMPOS;0;SN     ;44 20 20.1180 W;20 02 42.4140 S;SANTA ROSA;7;32900000
31;30101;5;0;2;RUA;;MARTINHO CAMPOS;281;;44 20 19.1040 W;20 02 42.1740 S;SANTA ROSA;1;32900000
31;30101;5;0;2;AVENIDA;;CANTA GALO;830;;44 20 20.7180 W;20 02 42.3420 S;SANTA ROSA;1;32900000
31;30101;5;0;2;AVENIDA;;CANTA GALO;974;;44 20 23.1180 W;20 02 35.0880 S;SANTA ROSA;1;32900000
31;30101;5;0;2;AVENIDA;;CANTA GALO;0;SN     ;44 20 16.6560 W;20 02 26.4420 S;SANTA ROSA;1;32900000
31;30101;5;0;2;AVENIDA;;CANTA GALO;0;SN     ;44 20 20.7420 W;20 02 40.0860 S;SANTA ROSA;1;32900000
31;30101;5;0;2;RUA;;CURRALINHO;0;SN     ;44 19 24.5640 W;20 00 10.2420 S;CURRALINHO;1;32900000
31;30101;5;0;2;RUA;;CURRALINHO;0;SN     ;44 19 23.0460 W;20 00 7.0680 S;CURRALINHO;6;32900000
31;30101;5;0;2;RUA;;MANUEL DA NOBREGA;390;;44 19 41.6460 W;20 02 52.1400 S;POUSADA;1;32900000
31;30101;5;0;2;RUA;;JOSE BONIFACIO;1000;;44 19 42.1680 W;20 02 34.5720 S;POUSADA;1;32900000
31;30101;5;0;2;RUA;;BARCELONA;41;;44 16 20.3760 W;20 05 2.3340 S;BARCELONA;1;32900000
31;30101;5;0;2;RUA;;BARCELONA;425;;44 16 20.2260 W;20 05 2.0580 S;BARCELONA;1;32900000
31;30101;5;0;2;RUA;;BARCELONA;460;;44 16 20.2080 W;20 05 1.8900 S;BARCELONA;1;32900000
31;30101;5;0;2;RUA;;BARCELONA;457;;44 16 20.0100 W;20 05 1.9080 S;BARCELONA;1;32900000
31;30101;5;0;2;RUA;;BARCELONA;472;;44 16 20.2320 W;20 05 2.1000 S;BARCELONA;1;32900000
31;30101;5;0;2;RUA;;BARCELONA;472;;44 16 20.2080 W;20 05 2.1480 S;BARCELONA;1;32900000
31;30101;5;0;2;RUA;;BARCELONA;490;;44 16 20.2920 W;20 05 1.9920 S;BARCELONA;1;32900000
31;30101;5;0;2;RUA;;BARCELONA;0;;44 18 50.7300 W;20 00 31.9320 S;BARCELONA;1;32900000
31;30101;5;0;2;RUA;;BARCELONA;0;;44 18 50.7960 W;20 00 32.1600 S;BARCELONA;1;32900000
31;30101;5;0;2;RUA;;BARCELONA;0;;44 16 19.4040 W;20 05 2.1000 S;BARCELONA;1;32900000
31;30101;5;0;2;RUA;;BARCELONA;0;;44 16 19.8420 W;20 05 2.0100 S;BARCELONA;1;32900000
31;30101;5;0;2;RUA;;BARCELONA;0;;44 16 19.8720 W;20 05 1.9980 S;BARCELONA;1;32900000
31;30101;5;0;2;RUA;;BARCELONA;0;;44 16 19.8960 W;20 05 2.0040 S;BARCELONA;1;32900000
31;30101;5;0;2;RUA;;BARCELONA;0;;44 16 20.0940 W;20 05 1.9920 S;BARCELONA;1;32900000
31;30101;5;0;2;RUA;;BARCELONA;0;;44 16 20.1000 W;20 05 2.1900 S;BARCELONA;1;32900000
31;30101;5;0;2;RUA;;BARCELONA;0;;44 16 19.7160 W;20 05 1.9980 S;BARCELONA;1;32900000
31;30101;5;0;2;RUA;;BARCELONA;0;;44 16 19.9860 W;20 05 2.2320 S;BARCELONA;1;32900000
31;30101;5;0;2;RUA;;BARCELONA;0;;44 16 20.0640 W;20 05 2.3160 S;BARCELONA;1;32900000
31;30101;5;0;2;RUA;;BARCELONA;0;;44 17 54.1080 W;20 03 30.8040 S;BARCELONA;1;32900000
31;30101;5;0;2;RUA;;BARCELONA;0;;44 17 54.7140 W;20 03 30.0540 S;BARCELONA;1;32900000
31;30101;5;0;2;RUA;;BARCELONA;475;;44 17 54.6600 W;20 03 29.4840 S;BARCELONA;1;32900000
31;30101;5;0;2;RUA;;BARCELONA;475;;44 17 58.0800 W;20 03 33.9360 S;BARCELONA;1;32900000
31;30101;5;0;2;RUA;;BARCELONA;497;;44 17 57.1980 W;20 03 32.8680 S;BARCELONA;1;32900000
31;30101;5;0;2;RUA;;BARCELONA;0;;44 17 54.5820 W;20 03 30.6360 S;BARCELONA;1;32900000
31;30101;5;0;2;RUA;;BARCELONA;511;;44 17 54.6120 W;20 03 30.7740 S;BARCELONA;1;32900000
31;30101;5;0;2;RUA;;BARCELONA;0;;44 17 54.5220 W;20 03 30.8820 S;BARCELONA;1;32900000
31;30101;5;0;2;RUA;;BARCELONA;176;;44 16 20.0640 W;20 05 2.0520 S;BARCELONA;3;32900000
31;30101;5;0;2;RUA;;BARCELONA;460;;44 16 20.2080 W;20 05 1.8900 S;BARCELONA;3;32900000
31;30101;5;0;2;RUA;;BARCELONA;0;;44 16 20.0640 W;20 05 2.3160 S;BARCELONA;3;32900000
31;30101;5;0;2;RUA;;CURRALINHO;0;SN     ;44 19 11.2200 W;20 00 39.5580 S;CURRALINHO;1;32900000
31;30101;5;0;2;RUA;;CURRALINHO;0;SN     ;44 19 11.1720 W;20 00 39.1260 S;CURRALINHO;1;32900000
31;30101;5;0;2;RUA;;CURRALINHO;0;SN     ;44 19 15.6960 W;20 00 32.8500 S;CURRALINHO;1;32900000
31;30101;5;0;2;RUA;;CURRALINHO;0;SN     ;44 19 13.9260 W;20 00 22.7460 S;CURRALINHO;1;32900000
31;30101;5;0;2;RUA;;CURRALINHO;0;;44 17 54.5880 W;20 03 30.9660 S;CURRALINHO;1;32900000
31;30101;5;0;2;RUA;;CURRALINHO;0;;44 18 9.3000 W;20 00 5.1960 S;CURRALINHO;1;32900000
31;30101;5;0;2;RUA;;CURRALINHO;0;;44 16 20.1000 W;20 05 2.4360 S;CURRALINHO;7;32900000
31;30101;5;0;2;AVENIDA;;CHAO DE ESTRELAS;505;;44 21 34.3560 W;20 03 13.1340 S;CONDOMINIO SERRA VERDE;1;32900000
31;30101;5;0;2;AVENIDA;;CHAO DE ESTRELAS;489;;44 21 34.0680 W;20 03 13.3380 S;CONDOMINIO SERRA VERDE;1;32900000
31;30101;5;0;2;ESTRADA;;TERRA;0;SN     ;44 21 42.9060 W;20 03 2.2259 S;3 LAGOAS;7;32900000
31;30101;5;0;2;ESTRADA;;TERRA;170;;44 21 41.2260 W;20 03 2.6520 S;3 LAGOAS;1;32900000
31;30101;5;0;2;ESTRADA;;TERRA;0;SN     ;44 21 38.3820 W;20 03 3.0720 S;3 LAGOAS;1;32900000
31;30101;5;0;2;ESTRADA;;TERRA;20;;44 21 38.1900 W;20 03 3.1200 S;3 LAGOAS;1;32900000
31;30101;5;0;2;ESTRADA;;TERRA;134;;44 21 32.0520 W;20 03 4.0020 S;3 LAGOAS;1;32900000
31;30101;5;0;2;ESTRADA;;TERRA;86;;44 21 31.9260 W;20 03 3.2580 S;3 LAGOAS;1;32900000
31;30101;5;0;2;ESTRADA;;TERRA;71;;44 21 32.6280 W;20 03 2.6100 S;3 LAGOAS;1;32900000
31;30101;5;0;2;ESTRADA;;TERRA;0;SN     ;44 21 33.6720 W;20 03 2.4180 S;3 LAGOAS;1;32900000
31;30101;5;0;2;ESTRADA;;TERRA;240;;44 21 38.7000 W;20 02 59.5140 S;3 LAGOAS;1;32900000
31;30101;5;0;2;ESTRADA;;TERRA;200;;44 21 38.6280 W;20 02 59.5260 S;3 LAGOAS;1;32900000
31;30101;5;0;2;ESTRADA;;TERRA;102;;44 21 40.1100 W;20 02 58.6860 S;3 LAGOAS;1;32900000
31;30101;5;0;2;ESTRADA;;TERRA;390;;44 21 41.9340 W;20 02 57.7680 S;3 LAGOAS;1;32900000
31;30101;5;0;2;RUA;;VIOLA ENLUARADA;221;;44 21 41.4840 W;20 03 13.9320 S;CONDOMINIO SERRA VERDE;7;32900000
31;30101;5;0;2;RUA;;PRIMAVERA;340;;44 21 43.3740 W;20 03 17.1960 S;CONDOMINIO SERRA VERDE;1;32900000
31;30101;5;0;2;RUA;;PRIMAVERA;0;SN     ;44 21 39.3780 W;20 03 10.3800 S;CONDOMINIO SERRA VERDE;7;32900000
31;30101;5;0;2;RUA;;PRIMAVERA;115;;44 21 39.0360 W;20 03 10.0380 S;CONDOMINIO SERRA VERDE;7;32900000
31;30101;5;0;2;RUA;;PEIXE VIVO;0;SN     ;44 21 47.4780 W;20 03 19.9980 S;CONDOMINIO SERRA VERDE;1;32900000
31;30101;5;0;2;RUA;;ESTRADA DO SOL;60;;44 21 45.3300 W;20 03 4.8000 S;CONDOMINIO SERRA VERDE;1;32900000
31;30101;5;0;2;RUA;;ESTRADA DO SOL;185;;44 21 46.1640 W;20 03 6.3480 S;CONDOMINIO SERRA VERDE;1;32900000
31;30101;5;0;2;RUA;;ESTRADA DO SOL;0;SN     ;44 21 51.5820 W;20 03 17.1840 S;CONDOMINIO SERRA VERDE;7;32900000
31;30101;5;0;2;RUA;;ESTRADA DO SOL;505;;44 21 53.6280 W;20 03 25.3680 S;CONDOMINIO SERRA VERDE;1;32900000
31;30101;5;0;2;RUA;;ESTRADA DO SOL;0;SN     ;44 21 44.6520 W;20 03 4.4580 S;CONDOMINIO SERRA VERDE;1;32900000
31;30101;5;0;2;RUA;;ESTRADA DO SOL;258;;44 21 47.4360 W;20 03 8.8740 S;CONDOMINIO SERRA VERDE;1;32900000
31;30101;5;0;2;RUA;;ASA BRANCA;93;;44 21 34.7340 W;20 03 6.0120 S;CONDOMINIO SERRA VERDE;1;32900000
31;30101;5;0;2;RUA;;ASA BRANCA;33;;44 21 36.5160 W;20 03 5.6280 S;CONDOMINIO SERRA VERDE;7;32900000
31;30101;5;0;2;RUA;;ASA BRANCA;12;;44 21 37.0440 W;20 03 5.5200 S;CONDOMINIO SERRA VERDE;7;32900000
31;30101;5;0;2;RUA;;CURRALINHO;8;;44 18 49.9920 W;20 02 37.7340 S;CURRALINHO;1;32900000
31;30101;5;0;2;RUA;;CURRALINHO;7;;44 18 50.1960 W;20 02 36.8940 S;CURRALINHO;1;32900000
31;30101;5;0;2;RUA;;CURRALINHO;0;SN     ;44 19 50.8320 W;20 02 16.3560 S;CURRALINHO;1;32900000
31;30101;5;0;2;RUA;;CURRALINHO;0;SN     ;44 20 1.9680 W;20 02 14.5800 S;CURRALINHO;1;32900000
31;30101;5;0;2;RUA;;CURRALINHO;0;SN     ;44 20 3.1200 W;20 02 15.8400 S;CURRALINHO;1;32900000
31;30101;5;0;2;RUA;;CURRALINHO;0;SN     ;44 19 59.1060 W;20 02 14.4780 S;CURRALINHO;1;32900000
31;30101;5;0;2;RUA;;CURRALINHO;0;SN     ;44 20 9.9240 W;20 02 16.6920 S;CURRALINHO;1;32900000
31;30101;5;0;2;RUA;;CURRALINHO;0;SN     ;44 20 9.9720 W;20 02 16.5060 S;CURRALINHO;1;32900000
31;30101;5;0;2;RUA;;CURRALINHO;10;;44 19 53.6520 W;20 02 15.9360 S;CURRALINHO;1;32900000
31;30101;5;0;2;RUA;;CURRALINHO;7;;44 18 49.3440 W;20 02 37.5180 S;CURRALINHO;1;32900000
31;30101;5;0;2;RUA;;CURRALINHO;0;SN     ;44 19 11.2200 W;20 00 39.5580 S;CURRALINHO;3;32900000
31;30101;5;0;2;RUA;;CURRALINHO;0;SN     ;44 19 11.1720 W;20 00 39.1260 S;CURRALINHO;3;32900000
31;30101;5;0;2;RUA;;CURRALINHO;0;;44 16 19.8120 W;20 05 2.0520 S;CURRALINHO;6;32900000
31;30101;5;0;2;RUA;;CURRALINHO;0;SN     ;44 20 1.9680 W;20 02 14.5800 S;CURRALINHO;3;32900000
31;30101;5;0;2;RUA;;CURRALINHO;10;;44 19 53.6520 W;20 02 15.9360 S;CURRALINHO;3;32900000
31;30101;5;0;2;RUA;;CURRALINHO;0;SN     ;44 20 9.9240 W;20 02 16.6920 S;CURRALINHO;3;32900000
31;30101;5;0;2;RUA;;CURRALINHO;0;SN     ;44 19 59.1060 W;20 02 14.4780 S;CURRALINHO;3;32900000
31;30101;5;0;2;RUA;;CURRALINHO;0;;44 16 20.0040 W;20 05 3.3060 S;CURRALINHO;1;32900000
31;30101;5;0;2;RUA;;CURRALINHO;0;;44 16 20.1180 W;20 05 2.1960 S;CURRALINHO;1;32900000
31;30101;5;0;2;RUA;;CURRALINHO;0;SN     ;44 18 33.2640 W;20 01 50.3640 S;CURRALINHO;1;32900000
31;30101;5;0;2;RUA;;CURRALINHO;0;SN     ;44 18 33.2640 W;20 01 50.3640 S;CURRALINHO;3;32900000
31;30101;5;0;2;FAZENDA;;CANTA GALO;0;SN     ;44 18 42.7560 W;20 01 18.1380 S;CURRALINHO;1;32900000
31;30101;5;0;2;FAZENDA;;CANTA GALO;0;SN     ;44 18 42.2880 W;20 01 13.5240 S;CURRALINHO;1;32900000
31;30101;5;0;2;FAZENDA;;CANTA GALO;53;;44 18 42.2400 W;20 01 13.4280 S;CURRALINHO;1;32900000
31;30101;5;0;2;FAZENDA;;CANTA GALO;20;;44 18 42.2040 W;20 01 7.4759 S;CURRALINHO;1;32900000
31;30101;5;0;2;FAZENDA;;CANTA GALO;0;SN     ;44 18 21.1200 W;20 01 17.6580 S;CURRALINHO;1;32900000
31;30101;5;0;2;FAZENDA;;CANTA GALO;0;SN     ;44 18 22.6380 W;20 01 17.5740 S;CURRALINHO;1;32900000
31;30101;5;0;2;FAZENDA;;CANTA GALO;0;SN     ;44 18 8.3820 W;20 01 25.9380 S;CURRALINHO;1;32900000
31;30101;5;0;2;FAZENDA;;CANTA GALO;0;SN     ;44 18 8.3760 W;20 01 25.8660 S;CURRALINHO;1;32900000
31;30101;5;0;2;FAZENDA;;CANTA GALO;0;SN     ;44 16 19.9260 W;20 05 1.8300 S;CURRALINHO;1;32900000
31;30101;5;0;2;FAZENDA;;CANTA GALO;0;SN     ;44 16 20.2140 W;20 05 1.9860 S;CURRALINHO;1;32900000
31;30101;5;0;2;FAZENDA;;CANTA GALO;0;SN     ;44 16 20.1900 W;20 05 1.9800 S;CURRALINHO;1;32900000
31;30101;5;0;2;FAZENDA;;CANTA GALO;0;SN     ;44 16 19.5000 W;20 05 0.7860 S;CURRALINHO;1;32900000
31;30101;5;0;2;FAZENDA;;CANTA GALO;0;SN     ;44 16 19.7160 W;20 05 1.1880 S;CURRALINHO;1;32900000
31;30101;5;0;2;FAZENDA;;CANTA GALO;0;SN     ;44 16 19.8780 W;20 05 1.3920 S;CURRALINHO;1;32900000
31;30101;5;0;2;FAZENDA;;CANTA GALO;0;SN     ;44 16 19.9320 W;20 05 1.3920 S;CURRALINHO;1;32900000
31;30101;5;0;2;RUA;;JOSE BONIFACIO;1001;;44 19 46.3440 W;20 02 32.2020 S;POUSADA;1;32900000
31;30101;5;0;2;RUA;;DUARTE DA COSTA;9;;44 19 0.8400 W;20 02 36.2700 S;POUSADA;1;32900000
31;30101;5;0;2;RUA;;MARTINHO CAMPOS;12;;44 20 15.4920 W;20 02 39.8880 S;SANTA ROSA;1;32900000
31;30101;5;0;2;RUA;;MARTINHO CAMPOS;0;SN     ;44 20 14.8800 W;20 02 38.0700 S;SANTA ROSA;1;32900000
31;30101;5;0;2;RUA;;DORES DO INDAIA;65;;44 20 10.1880 W;20 02 41.1360 S;SANTA ROSA;1;32900000
31;30101;5;0;2;RUA;;DORES DO INDAIA;55;;44 20 12.2460 W;20 02 39.9780 S;SANTA ROSA;1;32900000
31;30101;5;0;2;RUA;;IBIA;50;;44 20 12.4140 W;20 02 42.9060 S;SANTA ROSA;1;32900000
31;30101;5;0;2;RUA;;IBIA;50;;44 20 12.2400 W;20 02 42.6000 S;SANTA ROSA;1;32900000
31;30101;5;0;2;RUA;;ZEIO DE NEIO;659;;44 20 15.2100 W;20 02 40.5720 S;SANTA ROSA;6;32900000
31;30101;5;0;2;RUA;;ZEIO DE NEIO;659;;44 20 14.9340 W;20 02 40.5420 S;SANTA ROSA;1;32900000
31;30101;5;0;2;RUA;;MILICA;320;;44 19 57.1980 W;20 03 0.2880 S;IPANEMA;1;32900000
31;30101;5;0;2;RUA;;MILICA;0;SN     ;44 19 57.0720 W;20 03 0.0240 S;IPANEMA;1;32900000
31;30101;5;0;2;RUA;;IPANEMA;0;SN     ;44 19 46.7400 W;20 03 13.9320 S;IPANEMA;1;32900000
31;30101;5;0;2;RUA;;CEDRO;31;;44 19 55.1820 W;20 03 9.1860 S;IPANEMA;1;32900000
31;30101;5;0;2;RUA;;CEDRO;37;;44 19 56.0520 W;20 03 10.1940 S;IPANEMA;1;32900000
31;30101;5;0;2;RUA;;CEDRO;16;;44 19 55.0860 W;20 03 9.5640 S;IPANEMA;1;32900000
31;30101;5;0;2;RUA;;CEDRO;19;;44 19 55.1280 W;20 03 8.8860 S;IPANEMA;1;32900000
31;30101;5;0;2;RUA;;CEDRO;31;;44 19 56.2800 W;20 03 10.4220 S;IPANEMA;1;32900000
31;30101;5;0;2;RUA;;ESTRADAO MUNICIPAL;2;;44 19 55.8660 W;20 03 11.3520 S;IPANEMA;1;32900000
31;30101;5;0;2;RUA;;ESTRADAO MUNICIPAL;4;;44 19 54.7140 W;20 03 11.8260 S;IPANEMA;1;32900000
31;30101;5;0;2;RUA;;ESTRADAO MUNICIPAL;6;;44 19 55.8360 W;20 03 13.0500 S;IPANEMA;1;32900000
31;30101;5;0;2;RUA;;ESTRADAO MUNICIPAL;8;;44 19 55.2300 W;20 03 11.3160 S;IPANEMA;1;32900000
31;30101;5;0;2;RUA;;ESTRADAO MUNICIPAL;10;;44 19 55.1820 W;20 03 11.1660 S;IPANEMA;1;32900000
31;30101;5;0;2;RUA;;ESTRADAO MUNICIPAL;14;;44 19 55.2720 W;20 03 11.3160 S;IPANEMA;1;32900000
31;30101;5;0;2;RUA;;BARCELONA;176;;44 16 20.0640 W;20 05 2.0520 S;BARCELONA;1;32900000
31;30101;5;0;2;RUA;;BARCELONA;185;;44 16 20.0700 W;20 05 2.0040 S;BARCELONA;1;32900000
31;30101;5;0;2;RUA;;BARCELONA;190;;44 16 19.8000 W;20 05 1.9740 S;BARCELONA;1;32900000
31;30101;5;0;2;RUA;;BARCELONA;60;;44 16 20.2500 W;20 05 1.9740 S;BARCELONA;1;32900000
31;30101;5;0;2;RUA;;14;0;SN     ;44 16 22.0860 W;20 00 51.4500 S;SANTA ANA;1;32900000
31;30101;5;0;2;RUA;;43;22;;44 18 19.4760 W;20 02 21.7500 S;SANTA ANA;1;32900000
31;30101;5;0;2;RUA;;AMORIN;0;SN     ;44 17 50.5920 W;20 01 17.9100 S;COND QUINTAS DO IGARAPE;1;32900000
31;30101;5;0;2;RUA;;AMORIN;0;SN     ;44 17 51.0360 W;20 01 17.1660 S;COND QUINTAS DO IGARAPE;1;32900000
31;30101;5;0;2;RUA;;AMORIN;0;SN     ;44 17 52.6980 W;20 01 20.4960 S;COND QUINTAS DO IGARAPE;1;32900000
31;30101;5;0;2;RUA;;AMORIN;160;;44 17 54.1560 W;20 01 22.8240 S;COND QUINTAS DO IGARAPE;1;32900000
31;30101;5;0;2;RUA;;AMORIN;0;SN     ;44 17 55.8900 W;20 01 24.9840 S;COND QUINTAS DO IGARAPE;1;32900000
31;30101;5;0;2;RUA;;AMORIN;0;SN     ;44 17 55.5360 W;20 01 26.8080 S;COND QUINTAS DO IGARAPE;1;32900000
31;30101;5;0;2;RUA;;AMORIN;0;SN     ;44 17 51.1380 W;20 01 24.7980 S;COND QUINTAS DO IGARAPE;7;32900000
31;30101;5;0;2;RUA;;AMORIN;0;SN     ;44 17 47.7660 W;20 01 22.8540 S;COND QUINTAS DO IGARAPE;1;32900000
31;30101;5;0;2;RUA;;MARIA MOREIRA ALVES DA ROCHA;770;;44 18 19.6500 W;20 02 33.2520 S;CANARINHO;1;32900000
31;30101;5;0;2;RUA;;MARIA MOREIRA ALVES DA ROCHA;2106;;44 18 19.3740 W;20 02 33.5220 S;CANARINHO;1;32900000
31;30101;5;0;2;RUA;;MARIA MOREIRA ALVES DA ROCHA;0;SN     ;44 18 19.8480 W;20 02 32.0460 S;CANARINHO;7;32900000
31;30101;5;0;2;RUA;;MARIA MOREIRA ALVES DA ROCHA;2326;;44 18 19.4760 W;20 02 21.7500 S;CANARINHO;1;32900000
31;30101;5;0;2;RUA;;MARIA MOREIRA ALVES DA ROCHA;2180;;44 18 19.4760 W;20 02 21.7320 S;CANARINHO;1;32900000
31;30101;5;0;2;RUA;;MARIA MOREIRA ALVES DA ROCHA;0;SN     ;44 18 13.7220 W;20 02 17.4600 S;CANARINHO;1;32900000
31;30101;5;0;2;RUA;;MARIA MOREIRA ALVES DA ROCHA;27;;44 18 6.9240 W;20 02 14.3880 S;CANARINHO;1;32900000
31;30101;5;0;2;RUA;;MARIA MOREIRA ALVES DA ROCHA;0;SN     ;44 18 4.7520 W;20 02 13.8780 S;CANARINHO;7;32900000
31;30101;5;0;2;RUA;;MARIA MOREIRA ALVES DA ROCHA;0;SN     ;44 18 2.3400 W;20 02 13.1820 S;CANARINHO;1;32900000
31;30101;5;0;2;RUA;;MARIA MOREIRA ALVES DA ROCHA;0;SN     ;44 18 2.5380 W;20 02 13.2480 S;CANARINHO;1;32900000
31;30101;5;0;2;ESTRADA;;CAPAO DOS AMAROS;0;SN     ;44 17 51.9420 W;20 02 44.8380 S;CANARINHO;1;32900000
31;30101;5;0;2;ESTRADA;;CAPAO DOS AMAROS;0;SN     ;44 17 51.7200 W;20 02 44.7660 S;CANARINHO;1;32900000
31;30101;5;0;2;ESTRADA;;CAPAO DOS AMAROS;0;SN     ;44 17 54.7920 W;20 02 44.3100 S;CANARINHO;1;32900000
31;30101;5;0;2;ESTRADA;;CAPAO DOS AMAROS;0;SN     ;44 17 51.9420 W;20 02 44.8380 S;CANARINHO;3;32900000
31;30101;5;0;2;ESTRADA;;CAPAO DOS AMAROS;0;SN     ;44 17 54.7920 W;20 02 44.3100 S;CANARINHO;3;32900000
31;30101;5;0;2;RUA;;CAMPINA VERDE;34;;44 17 54.2280 W;20 03 30.3180 S;CAMPINA VERDE;1;32900000
31;30101;5;0;2;RUA;;CAMPINA VERDE;233;;44 17 54.1680 W;20 03 30.5340 S;CAMPINA VERDE;1;32900000
31;30101;5;0;2;RUA;;CAMPINA VERDE;18;;44 17 54.5340 W;20 03 30.5760 S;CAMPINA VERDE;1;32900000
31;30101;5;0;2;RUA;;CAMPINA VERDE;44;;44 17 54.1920 W;20 03 30.0660 S;CAMPINA VERDE;1;32900000
31;30101;5;0;2;RUA;;CAMPINA VERDE;57;;44 17 54.3540 W;20 03 30.3480 S;CAMPINA VERDE;1;32900000
31;30101;5;0;2;RUA;;CAMPINA VERDE;68;;44 17 54.3360 W;20 03 30.3180 S;CAMPINA VERDE;1;32900000
31;30101;5;0;2;RUA;;CAMPINA VERDE;69;;44 17 54.3120 W;20 03 30.3600 S;CAMPINA VERDE;1;32900000
31;30101;5;0;2;RUA;;CAMPINA VERDE;95;;44 17 54.7980 W;20 03 30.5040 S;CAMPINA VERDE;1;32900000
31;30101;5;0;2;RUA;;CAMPINA VERDE;120;;44 17 54.5040 W;20 03 30.4920 S;CAMPINA VERDE;1;32900000
31;30101;5;0;2;RUA;;CAMPINA VERDE;135;;44 17 54.4860 W;20 03 30.4740 S;CAMPINA VERDE;1;32900000
31;30101;5;0;2;RUA;;CAMPINA VERDE;153;;44 17 54.4980 W;20 03 30.5160 S;CAMPINA VERDE;1;32900000
31;30101;5;0;2;RUA;;CURRALINHO;0;;44 16 19.8360 W;20 05 2.3940 S;CURRALINHO;1;32900000
31;30101;5;0;2;RUA;;CURRALINHO;0;;44 16 21.6240 W;20 05 2.8800 S;CURRALINHO;1;32900000
31;30101;5;0;2;RUA;;CURRALINHO;0;;44 16 20.3580 W;20 05 2.2200 S;CURRALINHO;1;32900000
31;30101;5;0;2;RUA;;CURRALINHO;0;;44 16 20.0100 W;20 05 1.9260 S;CURRALINHO;1;32900000
31;30101;5;0;2;RUA;;CURRALINHO;0;;44 16 20.2620 W;20 05 2.0460 S;CURRALINHO;1;32900000
31;30101;5;0;2;RUA;;CURRALINHO;0;;44 16 19.8120 W;20 05 2.0520 S;CURRALINHO;1;32900000
31;30101;5;0;2;RUA;;CURRALINHO;0;;44 23 3.9480 W;20 14 26.3100 S;CURRALINHO;7;32900000
31;30101;5;0;2;RUA;;CURRALINHO;0;;44 23 3.9660 W;20 14 26.3160 S;CURRALINHO;1;32900000
31;30101;5;0;2;RUA;;CURRALINHO;0;;44 23 3.6600 W;20 14 26.3820 S;CURRALINHO;1;32900000
31;30101;5;0;2;RUA;;CURRALINHO;0;;44 16 20.3640 W;20 05 2.1060 S;CURRALINHO;1;32900000
31;30101;5;0;2;RUA;;CURRALINHO;106;;44 16 20.3400 W;20 05 2.1480 S;CURRALINHO;1;32900000
31;30101;5;0;2;RUA;;CURRALINHO;0;;44 16 20.1180 W;20 05 2.0040 S;CURRALINHO;1;32900000
31;30101;5;0;2;RUA;;CURRALINHO;1;;44 16 20.3220 W;20 05 1.9200 S;CURRALINHO;1;32900000
31;30101;5;0;2;RUA;;CURRALINHO;0;SN     ;44 18 38.8320 W;20 02 37.6260 S;CURRALINHO;1;32900000
31;30101;5;0;2;RUA;;CURRALINHO;0;;44 18 38.6820 W;20 02 37.5900 S;CURRALINHO;1;32900000
31;30101;5;0;2;RUA;;CURRALINHO;0;;44 18 38.3280 W;20 02 37.0320 S;CURRALINHO;1;32900000
31;30101;5;0;2;RUA;;CURRALINHO;0;;44 18 37.7580 W;20 02 41.1480 S;CURRALINHO;1;32900000
31;30101;5;0;2;RUA;;CURRALINHO;0;;44 18 37.7940 W;20 02 41.1660 S;CURRALINHO;1;32900000
31;30101;5;0;2;RUA;;CURRALINHO;0;;44 18 37.9380 W;20 02 42.7980 S;CURRALINHO;1;32900000
31;30101;5;0;2;RUA;;CURRALINHO;0;;44 18 37.9080 W;20 02 42.9600 S;CURRALINHO;1;32900000
31;30101;5;0;2;RUA;;CURRALINHO;4;;44 16 19.2780 W;20 05 0.8220 S;CURRALINHO;1;32900000
31;30101;5;0;2;RUA;;CURRALINHO;10;;44 16 20.1000 W;20 05 1.9320 S;CURRALINHO;1;32900000
31;30101;5;0;2;RUA;;CURRALINHO;10;;44 16 20.1780 W;20 05 2.0400 S;CURRALINHO;1;32900000
31;30101;5;0;2;RUA;;CURRALINHO;0;;44 16 20.2500 W;20 05 1.8240 S;CURRALINHO;1;32900000
31;30101;5;0;2;RUA;;CURRALINHO;5;;44 16 19.4280 W;20 05 1.8300 S;CURRALINHO;1;32900000
31;30101;5;0;2;RUA;;CURRALINHO;5;;44 16 19.9800 W;20 05 2.0520 S;CURRALINHO;1;32900000
31;30101;5;0;2;RUA;;CURRALINHO;5;;44 16 20.2620 W;20 05 2.2740 S;CURRALINHO;1;32900000
31;30101;5;0;2;RUA;;CURRALINHO;8;;44 18 50.1600 W;20 02 37.8900 S;CURRALINHO;1;32900000
31;30101;5;0;2;RUA;;CAMPINA VERDE;910;;44 17 54.4260 W;20 03 30.5340 S;CAMPINA VERDE;1;32900000
31;30101;5;0;2;RUA;;CAMPINA VERDE;925;;44 17 54.4260 W;20 03 30.5340 S;CAMPINA VERDE;1;32900000
31;30101;5;0;2;RUA;;CAMPINA VERDE;950;;44 17 54.4080 W;20 03 30.5460 S;CAMPINA VERDE;1;32900000
31;30101;5;0;2;RUA;;CAMPINA VERDE;985;;44 17 54.4260 W;20 03 30.5460 S;CAMPINA VERDE;1;32900000
31;30101;5;0;2;RUA;;CAMPINA VERDE;56;;44 17 54.7080 W;20 03 30.2940 S;CAMPINA VERDE;1;32900000
31;30101;5;0;2;RUA;;CAMPINA VERDE;25;;44 17 54.6540 W;20 03 30.2880 S;CAMPINA VERDE;1;32900000
31;30101;5;0;2;RUA;;VILA IPIRANGA;0;SN     ;44 17 54.7380 W;20 03 30.5640 S;BREJO;1;32900000
31;30101;5;0;2;RUA;;VILA IPIRANGA;0;SN     ;44 17 54.6900 W;20 03 30.6240 S;BREJO;1;32900000
31;30101;5;0;2;RUA;;VILA IPIRANGA;0;SN     ;44 17 54.6900 W;20 03 30.6060 S;BREJO;1;32900000
31;30101;5;0;2;RUA;;VILA IPIRANGA;0;SN     ;44 17 54.7020 W;20 03 30.6180 S;BREJO;1;32900000
31;30101;5;0;2;RUA;;VILA IPIRANGA;0;SN     ;44 17 54.7140 W;20 03 30.6240 S;BREJO;1;32900000
31;30101;5;0;2;RUA;;VILA IPIRANGA;230;;44 17 54.5040 W;20 03 30.9180 S;BREJO;1;32900000
31;30101;5;0;2;RUA;;VILA IPIRANGA;180;;44 17 54.7800 W;20 03 30.3600 S;BREJO;1;32900000
31;30101;5;0;2;RUA;;VILA IPIRANGA;190;;44 17 54.6060 W;20 03 30.6300 S;BREJO;1;32900000
31;30101;5;0;2;RUA;;VILA IPIRANGA;200;;44 17 54.6180 W;20 03 30.6960 S;BREJO;1;32900000
31;30101;5;0;2;RUA;;VILA IPIRANGA;247;;44 17 54.6240 W;20 03 30.6540 S;BREJO;1;32900000
31;30101;5;0;2;RUA;;VILA IPIRANGA;250;;44 17 54.6780 W;20 03 30.5580 S;BREJO;1;32900000
31;30101;5;0;2;RUA;;VILA IPIRANGA;260;;44 17 54.6420 W;20 03 30.6480 S;BREJO;1;32900000
31;30101;5;0;2;RUA;;VILA IPIRANGA;266;;44 17 54.6360 W;20 03 30.6480 S;BREJO;1;32900000
31;30101;5;0;2;RUA;;VILA IPIRANGA;285;;44 17 54.5400 W;20 03 30.9060 S;BREJO;1;32900000
31;30101;5;0;2;RUA;;VILA IPIRANGA;289;;44 17 54.6780 W;20 03 30.7320 S;BREJO;1;32900000
31;30101;5;0;2;RUA;;VILA IPIRANGA;199;;44 17 54.8580 W;20 03 31.0260 S;BREJO;1;32900000
31;30101;5;0;2;RUA;;VILA IPIRANGA;232;;44 17 54.5460 W;20 03 30.7380 S;BREJO;1;32900000
31;30101;5;0;2;RUA;;VILA IPIRANGA;234;;44 17 54.6120 W;20 03 30.5520 S;BREJO;1;32900000
31;30101;5;0;2;RUA;;VILA IPIRANGA;244;;44 17 54.6480 W;20 03 30.6540 S;BREJO;1;32900000
31;30101;5;0;2;RUA;;VILA IPIRANGA;234;;44 17 54.6660 W;20 03 30.6780 S;BREJO;1;32900000
31;30101;5;0;2;RUA;;VILA IPIRANGA;233;;44 17 54.6600 W;20 03 30.5640 S;BREJO;1;32900000
31;30101;5;0;2;RUA;;VILA IPIRANGA;244;;44 17 54.4560 W;20 03 30.7200 S;BREJO;1;32900000
31;30101;5;0;2;RUA;;VILA IPIRANGA;266;;44 17 54.6060 W;20 03 30.4320 S;BREJO;1;32900000
31;30101;5;0;2;RUA;;VILA IPIRANGA;500;;44 17 54.5040 W;20 03 30.9840 S;BREJO;1;32900000
31;30101;5;0;2;RUA;;VILA IPIRANGA;510;;44 17 54.4980 W;20 03 30.7140 S;BREJO;1;32900000
31;30101;5;0;2;RUA;;VILA IPIRANGA;530;;44 17 54.4980 W;20 03 30.7140 S;BREJO;1;32900000
31;30101;5;0;2;RUA;;VILA IPIRANGA;540;;44 17 54.4980 W;20 03 30.7140 S;BREJO;1;32900000
31;30101;5;0;2;RUA;;VILA IPIRANGA;560;;44 17 54.5220 W;20 03 30.7620 S;BREJO;1;32900000
31;30101;5;0;2;RUA;;VILA IPIRANGA;113;;44 17 54.3060 W;20 03 30.4620 S;BREJO;1;32900000
31;30101;5;0;2;RUA;;VILA IPIRANGA;413;;44 17 54.3900 W;20 03 30.4500 S;BREJO;1;32900000
31;30101;5;0;2;FAZENDA;;CANTA GALO;0;SN     ;44 16 19.9440 W;20 05 1.4699 S;CURRALINHO;6;32900000
31;30101;5;0;2;FAZENDA;;CANTA GALO;0;SN     ;44 16 20.1900 W;20 05 1.9800 S;CURRALINHO;3;32900000
31;30101;5;0;2;FAZENDA;;CANTA GALO;0;SN     ;44 18 8.3820 W;20 01 25.9380 S;CURRALINHO;3;32900000
31;30101;5;0;2;RUA;;19;0;SN     ;44 16 48.1500 W;20 00 48.7320 S;SANTA ANA;1;32900000
31;30101;5;0;2;RUA;;19;0;SN     ;44 16 43.5060 W;20 00 44.3700 S;SANTA ANA;1;32900000
31;30101;5;0;2;RUA;;13;307;;44 16 35.6460 W;20 00 52.0200 S;SANTA ANA;1;32900000
31;30101;5;0;2;RUA;;13;119;;44 16 27.8280 W;20 00 46.3020 S;SANTA ANA;1;32900000
31;30101;5;0;2;RUA;;13;175;;44 16 35.8800 W;20 00 51.8280 S;SANTA ANA;1;32900000
31;30101;5;0;2;RUA;;13;177;;44 16 40.7220 W;20 00 50.6700 S;SANTA ANA;1;32900000
31;30101;5;0;2;RUA;;13;24;;44 16 41.0160 W;20 00 50.6400 S;SANTA ANA;1;32900000
31;30101;5;0;2;RUA;;14;319;;44 16 41.0040 W;20 00 48.3000 S;SANTA ANA;1;32900000
31;30101;5;0;2;RUA;;14;359;;44 16 40.8960 W;20 00 48.2520 S;SANTA ANA;1;32900000
31;30101;5;0;2;RUA;;14;34;;44 16 37.2120 W;20 00 49.0920 S;SANTA ANA;1;32900000
31;30101;5;0;2;RUA;;14;8;;44 16 36.8760 W;20 00 49.0320 S;SANTA ANA;1;32900000
31;30101;5;0;2;RUA;;14;121;;44 16 35.9640 W;20 00 49.1880 S;SANTA ANA;1;32900000
31;30101;5;0;2;RUA;;14;66;;44 16 36.0120 W;20 00 49.2540 S;SANTA ANA;1;32900000
31;30101;5;0;2;RUA;;14;101;;44 16 36.0780 W;20 00 49.4160 S;SANTA ANA;1;32900000
31;30101;5;0;2;RUA;;14;42;;44 16 34.8480 W;20 00 49.5660 S;SANTA ANA;1;32900000
31;30101;5;0;2;RUA;;14;0;SN     ;44 16 27.7500 W;20 00 45.6360 S;SANTA ANA;1;32900000
31;30101;5;0;2;RUA;;14;11;;44 16 45.4500 W;20 00 41.5740 S;SANTA ANA;1;32900000
31;30101;5;0;2;RUA;;14;150;;44 16 48.6240 W;20 00 45.9000 S;SANTA ANA;1;32900000
31;30101;5;0;2;RUA;;14;116;;44 16 38.7720 W;20 00 48.4440 S;SANTA ANA;1;32900000
31;30101;5;0;2;RUA;;14;215;;44 16 40.1220 W;20 00 45.7740 S;SANTA ANA;1;32900000
31;30101;5;0;2;RUA;;14;150;;44 16 40.1520 W;20 00 45.2520 S;SANTA ANA;1;32900000
31;30101;5;0;2;RUA;;14;0;SN     ;44 16 45.9300 W;20 00 44.0460 S;SANTA ANA;1;32900000
31;30101;5;0;2;RUA;;14;309;;44 16 45.7740 W;20 00 44.2560 S;SANTA ANA;1;32900000
31;30101;5;0;2;RUA;;14;21;;44 16 45.8040 W;20 00 44.1060 S;SANTA ANA;1;32900000
31;30101;5;0;2;RUA;;14;40;;44 16 45.7260 W;20 00 44.2560 S;SANTA ANA;1;32900000
31;30101;5;0;2;RUA;;BREJO;5;;44 16 49.6980 W;20 00 12.3300 S;BREJO;1;32900000
31;30101;5;0;2;RUA;;BREJO;450;;44 16 49.3620 W;20 00 11.9520 S;BREJO;1;32900000
31;30101;5;0;2;RUA;;BREJO;410;;44 16 50.2260 W;20 00 8.4660 S;BREJO;1;32900000
31;30101;5;0;2;RUA;;BREJO;490;;44 16 47.3700 W;20 00 15.3540 S;BREJO;1;32900000
31;30101;5;0;2;RUA;;BREJO;523;;44 16 47.7540 W;20 00 15.0540 S;BREJO;1;32900000
31;30101;5;0;2;RUA;;BREJO;256;;44 17 54.6120 W;20 03 30.5220 S;BREJO;1;32900000
31;30101;5;0;2;RUA;;BREJO;220;;44 17 54.4920 W;20 03 30.3960 S;BREJO;1;32900000
31;30101;5;0;2;RUA;;BREJO;286;;44 17 54.6120 W;20 03 30.5340 S;BREJO;1;32900000
31;30101;5;0;2;RUA;;BREJO;280;;44 17 54.4680 W;20 03 30.9480 S;BREJO;1;32900000
31;30101;5;0;2;RUA;;BREJO;0;SN     ;44 17 54.7140 W;20 03 30.5220 S;BREJO CRECHE;1;32900000
31;30101;5;0;2;RUA;;BREJO;0;SN     ;44 17 32.7240 W;20 01 47.9700 S;BREJO CRECHE;1;32900000
31;30101;5;0;2;RUA;;BREJO;0;SN     ;44 17 32.6820 W;20 01 47.8980 S;BREJO CRECHE;1;32900000
31;30101;5;0;2;RUA;;BREJO;0;SN     ;44 17 32.7180 W;20 01 48.0780 S;BREJO CRECHE;1;32900000
31;30101;5;0;2;RUA;;BREJO;0;SN     ;44 17 32.5620 W;20 01 47.8680 S;BREJO CRECHE;1;32900000
31;30101;5;0;2;RUA;;BREJO;0;SN     ;44 17 18.5340 W;20 02 0.8880 S;BREJO CRECHE;1;32900000
31;30101;5;0;2;TRAVESSA;;FAZENDA CAPAO VIEIRAS;0;SN     ;44 16 46.1100 W;20 00 16.0500 S;CAPAO VIEIRAS;1;32900000
31;30101;5;0;2;RUA;;RUA NOVE;0;SN     ;44 17 54.8220 W;20 03 30.6840 S;RUA NOVE;1;32900000
31;30101;5;0;2;RUA;;RUA NOVE;0;SN     ;44 17 54.6180 W;20 03 31.3560 S;BREJO;1;32900000
31;30101;5;0;2;RUA;;RUA NOVE;500;;44 17 54.5520 W;20 03 30.7320 S;SITIO DR RICARDO;1;32900000
31;30101;5;0;2;RUA;;RUA NOVE;500;;44 17 55.3680 W;20 03 30.5100 S;SITIO DR RICARDO 2;1;32900000
31;30101;5;0;2;RUA;;RUA NOVE;150;;44 19 41.7840 W;19 59 47.8620 S;BREJO LIMITE;1;32900000
31;30101;5;0;2;RUA;;RUA NOVE;165;;44 19 0.8400 W;19 59 59.1600 S;BREJO LIMITE;1;32900000
31;30101;5;0;2;RUA;;RUA NOVE;200;;44 19 1.0140 W;19 59 59.1600 S;BREJO LIMITE;1;32900000
31;30101;5;0;2;RUA;;RUA NOVE;250;;44 19 0.6360 W;19 59 58.9080 S;BREJO LIMITE;1;32900000
31;30101;5;0;2;RUA;;RUA NOVE;320;;44 18 50.6340 W;19 59 57.9480 S;BREJO LIMITE;1;32900000
31;30101;5;0;2;RUA;;RUA NOVE;300;;44 18 50.6760 W;19 59 57.9480 S;BREJO LIMITE;1;32900000
31;30101;5;0;2;RUA;;RUA NOVE;320;;44 18 43.0560 W;20 00 9.8340 S;BREJO LIMITE;1;32900000
31;30101;5;0;2;RUA;;RUA NOVE;480;;44 17 54.8580 W;20 03 30.7020 S;BREJO LIMITE;1;32900000
31;30101;5;0;2;RUA;;RUA NOVE;520;;44 17 54.6300 W;20 03 30.5580 S;BREJO LIMITE;1;32900000
31;30101;5;0;2;RUA;;RUA NOVE;200;;44 17 54.4260 W;20 03 30.5460 S;BREJO LIMITE;1;32900000
31;30101;5;0;2;RUA;;RUA NOVE;120;;44 17 54.0120 W;20 03 30.8400 S;BREJO LIMITE;1;32900000
31;30101;5;0;2;RUA;;RUA NOVE;180;;44 17 54.4320 W;20 03 30.5580 S;BREJO LIMITE;1;32900000
31;30101;5;0;2;RUA;;RUA NOVE;195;;44 17 54.4380 W;20 03 30.5580 S;BREJO LIMITE;1;32900000
31;30101;5;0;2;RUA;;RUA NOVE;210;;44 17 54.4380 W;20 03 30.5640 S;BREJO LIMITE;1;32900000
31;30101;5;0;2;RUA;;RUA NOVE;220;;44 17 54.4440 W;20 03 30.5700 S;BREJO LIMITE;1;32900000
31;30101;5;0;2;RUA;;RUA NOVE;230;;44 17 54.4440 W;20 03 30.5700 S;BREJO LIMITE;1;32900000
31;30101;5;0;2;RUA;;CAMPINA VERDE;163;;44 17 54.4080 W;20 03 30.7440 S;CAMPINA VERDE;1;32900000
31;30101;5;0;2;RUA;;CAMPINA VERDE;228;;44 17 54.3960 W;20 03 30.5520 S;CAMPINA VERDE;1;32900000
31;30101;5;0;2;RUA;;CAMPINA VERDE;250;;44 17 54.3780 W;20 03 30.5580 S;CAMPINA VERDE;1;32900000
31;30101;5;0;2;RUA;;CAMPINA VERDE;324;;44 17 54.2700 W;20 03 30.6060 S;CAMPINA VERDE;1;32900000
31;30101;5;0;2;RUA;;CAMPINA VERDE;395;;44 17 54.4140 W;20 03 30.4380 S;CAMPINA VERDE;1;32900000
31;30101;5;0;2;RUA;;CAMPINA VERDE;410;;44 17 54.3840 W;20 03 30.3900 S;CAMPINA VERDE;1;32900000
31;30101;5;0;2;RUA;;CAMPINA VERDE;420;;44 17 54.4620 W;20 03 30.3960 S;CAMPINA VERDE;1;32900000
31;30101;5;0;2;RUA;;CAMPINA VERDE;435;;44 17 54.1980 W;20 03 30.5160 S;CAMPINA VERDE;1;32900000
31;30101;5;0;2;RUA;;CAMPINA VERDE;450;;44 17 54.2940 W;20 03 30.4920 S;CAMPINA VERDE;1;32900000
31;30101;5;0;2;RUA;;CAMPINA VERDE;550;;44 17 54.8280 W;20 03 31.2660 S;CAMPINA VERDE;1;32900000
31;30101;5;0;2;RUA;;CAMPINA VERDE;580;;44 17 54.8280 W;20 03 31.2840 S;CAMPINA VERDE;1;32900000
31;30101;5;0;2;RUA;;CAMPINA VERDE;592;;44 17 54.5160 W;20 03 31.2060 S;CAMPINA VERDE;1;32900000
31;30101;5;0;2;RUA;;CAMPINA VERDE;600;;44 17 54.5820 W;20 03 31.0020 S;CAMPINA VERDE;1;32900000
31;30101;5;0;2;RUA;;CAMPINA VERDE;630;;44 17 54.6480 W;20 03 31.1040 S;CAMPINA VERDE;1;32900000
31;30101;5;0;2;RUA;;CAMPINA VERDE;660;;44 17 54.6120 W;20 03 31.0440 S;CAMPINA VERDE;1;32900000
31;30101;5;0;2;RUA;;CAMPINA VERDE;675;;44 17 54.5580 W;20 03 31.0200 S;CAMPINA VERDE;1;32900000
31;30101;5;0;2;RUA;;CAMPINA VERDE;680;;44 17 54.5460 W;20 03 31.0140 S;CAMPINA VERDE;1;32900000
31;30101;5;0;2;RUA;;CAMPINA VERDE;695;;44 17 54.4080 W;20 03 30.4500 S;CAMPINA VERDE;1;32900000
31;30101;5;0;2;RUA;;CAMPINA VERDE;700;;44 17 54.4140 W;20 03 30.4740 S;CAMPINA VERDE;1;32900000
31;30101;5;0;2;RUA;;CAMPINA VERDE;720;;44 17 54.4080 W;20 03 30.5040 S;CAMPINA VERDE;1;32900000
31;30101;5;0;2;RUA;;CAMPINA VERDE;750;;44 17 54.3960 W;20 03 30.5400 S;CAMPINA VERDE;1;32900000
31;30101;5;0;2;RUA;;CAMPINA VERDE;765;;44 17 54.4200 W;20 03 30.5460 S;CAMPINA VERDE;1;32900000
31;30101;5;0;2;RUA;;CAMPINA VERDE;788;;44 17 54.4260 W;20 03 30.5460 S;CAMPINA VERDE;1;32900000
31;30101;5;0;2;RUA;;CAMPINA VERDE;800;;44 17 54.4260 W;20 03 30.5460 S;CAMPINA VERDE;1;32900000
31;30101;5;0;2;RUA;;CAMPINA VERDE;820;;44 17 54.4320 W;20 03 30.5460 S;CAMPINA VERDE;1;32900000
31;30101;5;0;2;RUA;;CAMPINA VERDE;870;;44 17 54.4260 W;20 03 30.5460 S;CAMPINA VERDE;1;32900000
31;30101;5;0;2;RUA;;CAMPINA VERDE;890;;44 17 54.4200 W;20 03 30.5400 S;CAMPINA VERDE;1;32900000
31;30101;5;0;2;RUA;;CAMPINA VERDE;900;;44 17 54.4140 W;20 03 30.5400 S;CAMPINA VERDE;1;32900000
31;30101;5;0;2;QUADRA;;BREJO;12;;44 16 35.2320 W;20 00 28.0080 S;VILA IPIRANGA;1;32900000
31;30101;5;0;2;QUADRA;;BREJO;0;SN     ;44 16 35.0580 W;20 00 27.7740 S;VILA IPIRANGA;1;32900000
31;30101;5;0;2;QUADRA;;BREJO;0;SN     ;44 16 34.6320 W;20 00 27.6300 S;VILA IPIRANGA;1;32900000
31;30101;5;0;2;QUADRA;;BREJO;0;SN     ;44 16 34.4820 W;20 00 27.6600 S;VILA IPIRANGA;1;32900000
31;30101;5;0;2;QUADRA;;BREJO;0;SN     ;44 16 34.5840 W;20 00 27.5220 S;VILA IPIRANGA;1;32900000
31;30101;5;0;2;QUADRA;;BREJO;45;;44 16 34.3500 W;20 00 27.4440 S;VILA IPIRANGA;1;32900000
31;30101;5;0;2;QUADRA;;BREJO;4;;44 16 37.9740 W;20 00 23.2860 S;VILA IPIRANGA;1;32900000
31;30101;5;0;2;QUADRA;;BREJO;5;;44 16 38.2200 W;20 00 23.3340 S;VILA IPIRANGA;1;32900000
31;30101;5;0;2;QUADRA;;BREJO;8;;44 16 38.0880 W;20 00 23.3100 S;VILA IPIRANGA;1;32900000
31;30101;5;0;2;QUADRA;;BREJO;7;;44 16 38.2320 W;20 00 23.4600 S;VILA IPIRANGA;1;32900000
31;30101;5;0;2;RUA;;CANDELARIA;0;SN     ;44 17 18.4620 W;20 05 50.2800 S;BELA ESPERANCA;7;32900000
31;30101;5;0;2;ESTRADA;;DE TERRA;0;SN     ;44 17 55.4820 W;20 05 3.9900 S;BELA ESPERANCA;1;3290000
31;30101;5;0;2;ESTRADA;;DE TERRA;0;SN     ;44 17 19.5720 W;20 05 40.3500 S;BELA ESPERANCA;1;3290000
31;30101;5;0;2;ESTRADA;;DE TERRA;0;SN     ;44 17 16.7040 W;20 05 44.8320 S;BELA ESPERANCA;1;3290000
31;30101;5;0;2;ESTRADA;;DE TERRA;0;SN     ;44 17 17.6760 W;20 05 40.9560 S;BELA ESPERANCA;3;3290000
31;30101;5;0;2;ESTRADA;;DE TERRA;43;;44 17 16.6860 W;20 05 44.4660 S;BELA ESPERANCA;7;3290000
31;30101;5;0;2;ESTRADA;;DE TERRA;0;SN     ;44 17 15.0420 W;20 05 48.7920 S;BELA ESPERANCA;7;3290000
31;30101;5;0;2;ESTRADA;;DE TERRA;0;SN     ;44 17 15.2520 W;20 05 49.7280 S;BELA ESPERANCA;1;3290000
31;30101;5;0;2;ESTRADA;;DE TERRA;0;SN     ;44 17 14.4300 W;20 05 51.5400 S;BELA ESPERANCA;7;3290000
31;30101;5;0;2;ESTRADA;;DE TERRA;460;;44 17 14.3640 W;20 05 50.9820 S;BELA ESPERANCA;1;3290000
31;30101;5;0;2;ESTRADA;;DE TERRA;31;;44 17 15.3960 W;20 05 52.9380 S;BELA ESPERANCA;1;3290000
31;30101;5;0;2;ESTRADA;;DE TERRA;13;;44 17 16.6080 W;20 05 54.1680 S;BELA ESPERANCA;1;3290000
31;30101;5;0;2;ESTRADA;;DE TERRA;0;SN     ;44 17 30.7500 W;20 05 56.5140 S;BELA ESPERANCA;1;3290000
31;30101;5;0;2;ESTRADA;;DE TERRA;107;;44 17 24.6180 W;20 05 52.0080 S;BELA ESPERANCA;1;3290000
31;30101;5;0;2;ESTRADA;;DE TERRA;0;SN     ;44 17 29.1780 W;20 05 49.0440 S;BELA ESPERANCA;1;3290000
31;30101;5;0;2;ESTRADA;;DE TERRA;0;SN     ;44 17 31.3080 W;20 05 49.1820 S;BELA ESPERANCA;1;3290000
31;30101;5;0;2;ESTRADA;;DE TERRA;0;SN     ;44 17 32.6580 W;20 05 45.2700 S;BELA ESPERANCA;1;3290000
31;30101;5;0;2;ESTRADA;;DE TERRA;0;SN     ;44 17 34.9800 W;20 05 40.3440 S;BELA ESPERANCA;1;3290000
31;30101;5;0;2;ESTRADA;;DE TERRA;0;SN     ;44 17 35.0400 W;20 05 40.6140 S;BELA ESPERANCA;1;3290000
31;30101;5;0;2;ESTRADA;;DE TERRA;0;SN     ;44 17 24.0780 W;20 06 3.5700 S;BELA ESPERANCA;6;3290000
31;30101;5;0;2;ESTRADA;;DE TERRA;460;;44 17 18.0420 W;20 05 50.0760 S;BELA ESPERANCA;1;3290000
31;30101;5;0;2;ESTRADA;;DE TERRA;0;SN     ;44 17 15.0060 W;20 05 47.1240 S;BELA ESPERANCA;1;3290000
31;30101;5;0;2;ESTRADA;;DE TERRA;0;SN     ;44 17 17.6760 W;20 05 40.9560 S;BELA ESPERANCA;1;3290000
31;30101;5;0;2;ESTRADA;;DE TERRA;103;;44 17 27.8880 W;20 05 53.8320 S;BELA ESPERANCA;1;3290000
31;30101;5;0;2;ESTRADA;;DE TERRA;0;SN     ;44 17 15.6960 W;20 05 46.7940 S;BELA ESPERANCA;1;3290000
31;30101;5;0;2;AVENIDA;;BORBA GATO;0;SN     ;44 17 55.3740 W;20 05 3.9420 S;CIDADE NOVA;3;32900000
31;30101;5;0;2;RUA;;VILA IPIRANGA;0;SN     ;44 17 54.1140 W;20 03 30.6240 S;BREJO;1;32900000
31;30101;5;0;2;RUA;;VILA IPIRANGA;35;;44 17 54.1800 W;20 03 30.6600 S;BREJO;1;32900000
31;30101;5;0;2;RUA;;VILA IPIRANGA;86;;44 17 53.8920 W;20 03 30.5100 S;BREJO;1;32900000
31;30101;5;0;2;RUA;;VILA IPIRANGA;35;;44 17 54.0900 W;20 03 30.6780 S;BREJO;1;32900000
31;30101;5;0;2;RUA;;VILA IPIRANGA;50;;44 17 54.0840 W;20 03 30.6180 S;BREJO;1;32900000
31;30101;5;0;2;RUA;;VILA IPIRANGA;46;;44 17 54.0120 W;20 03 30.5640 S;BREJO;1;32900000
31;30101;5;0;2;RUA;;VILA IPIRANGA;41;;44 17 54.0780 W;20 03 30.6060 S;BREJO;1;32900000
31;30101;5;0;2;RUA;;VILA IPIRANGA;0;SN     ;44 17 54.3540 W;20 03 30.5700 S;BREJO;1;32900000
31;30101;5;0;2;RUA;;VILA IPIRANGA;0;SN     ;44 17 54.4920 W;20 03 30.6480 S;BREJO;1;32900000
31;30101;5;0;2;RUA;;VILA IPIRANGA;0;SN     ;44 17 54.4980 W;20 03 30.6780 S;BREJO;1;32900000
31;30101;5;0;2;RUA;;VILA IPIRANGA;60;;44 17 54.4980 W;20 03 30.6780 S;BREJO;1;32900000
31;30101;5;0;2;RUA;;VILA IPIRANGA;68;;44 17 54.5100 W;20 03 30.6480 S;BREJO;1;32900000
31;30101;5;0;2;RUA;;VILA IPIRANGA;90;;44 17 54.4800 W;20 03 30.6180 S;BREJO;1;32900000
31;30101;5;0;2;RUA;;CAMANDUCAIA;320;;44 17 54.2160 W;20 03 30.2220 S;CANARINHO;1;32900000
31;30101;5;0;2;RUA;;CAMANDUCAIA;340;;44 17 54.2640 W;20 03 30.5100 S;CANARINHO;1;32900000
31;30101;5;0;2;RUA;;CAMANDUCAIA;356;;44 17 54.2940 W;20 03 30.5760 S;CANARINHO;1;32900000
31;30101;5;0;2;RUA;;CAMANDUCAIA;370;;44 17 54.3300 W;20 03 30.5820 S;CANARINHO;1;32900000
31;30101;5;0;2;RUA;;CAMANDUCAIA;385;;44 17 54.2580 W;20 03 30.8820 S;CANARINHO;1;32900000
31;30101;5;0;2;RUA;;CAMANDUCAIA;430;;44 17 54.7200 W;20 03 30.7320 S;CANARINHO;1;32900000
31;30101;5;0;2;RUA;;CAMANDUCAIA;10;;44 17 54.7920 W;20 02 44.3100 S;CANARINHO;6;32900000
31;30101;5;0;2;RUA;;BREJO;191;;44 16 46.2900 W;20 00 15.8760 S;BREJO;6;32900000
31;30101;5;0;2;RUA;;BREJO;0;SN     ;44 16 46.2660 W;20 00 15.9000 S;BREJO;6;32900000
31;30101;5;0;2;RUA;;BREJO;120;;44 16 47.0940 W;20 00 15.8520 S;BREJO;7;32900000
31;30101;5;0;2;RUA;;BREJO;283;;44 16 47.3580 W;20 00 15.3060 S;BREJO;1;32900000
31;30101;5;0;2;RUA;;BREJO;283;;44 16 47.4060 W;20 00 14.9580 S;BREJO;1;32900000
31;30101;5;0;2;RUA;;BREJO;293;;44 16 47.5260 W;20 00 14.7780 S;BREJO;1;32900000
31;30101;5;0;2;RUA;;BREJO;0;SN     ;44 16 49.4100 W;20 00 12.3840 S;BREJO;1;32900000
31;30101;5;0;2;RUA;;BREJO;0;SN     ;44 16 49.2360 W;20 00 11.7000 S;BREJO;1;32900000
31;30101;5;0;2;RUA;;FAZENDA TATU;0;SN     ;44 17 54.1260 W;20 05 31.8840 S;FAZENDA DO TATU;3;32900000
31;30101;5;0;2;RUA;;FAZENDA TATU;30;;44 17 54.8460 W;20 05 33.0180 S;FAZENDA DO TATU;3;32900000
31;30101;5;0;2;RUA;;FAZENDA TATU;600;;44 17 54.7140 W;20 05 33.0240 S;FAZENDA DO TATU;1;32900000
31;30101;5;0;2;RUA;;FAZENDA TATU;0;SN     ;44 17 51.8580 W;20 05 39.7200 S;FAZENDA DO TATU;1;32900000
31;30101;5;0;2;RUA;;FAZENDA TATU;613;;44 17 51.8220 W;20 05 39.7320 S;FAZENDA DO TATU;1;32900000
31;30101;5;0;2;RUA;;FAZENDA TATU;613;;44 17 55.7160 W;20 05 43.1340 S;FAZENDA DO TATU;1;32900000
31;30101;5;0;2;RUA;;FAZENDA TATU;0;SN     ;44 17 56.4360 W;20 05 43.1880 S;FAZENDA DO TATU;1;32900000
31;30101;5;0;2;RUA;;FAZENDA TATU;0;SN     ;44 17 54.1260 W;20 05 31.8840 S;FAZENDA DO TATU;7;32900000
31;30101;5;0;2;RUA;;FAZENDA TATU;36;;44 17 50.7660 W;20 05 29.0040 S;FAZENDA DO TATU;1;32900000
31;30101;5;0;2;RUA;;FAZENDA TATU;0;SN     ;44 17 50.7660 W;20 05 29.0040 S;FAZENDA DO TATU;7;32900000
31;30101;5;0;2;RUA;;FAZENDA TATU;0;SN     ;44 18 7.4640 W;20 04 54.7080 S;FAZENDA DO TATU;3;32900000
31;30101;5;0;2;RUA;;FAZENDA TATU;159;;44 17 18.4560 W;20 05 55.2540 S;FAZENDA DO TATU;1;32900000
31;30101;5;0;2;RUA;;FAZENDA TATU;460;;44 17 18.2880 W;20 05 55.3320 S;FAZENDA DO TATU;1;32900000
31;30101;5;0;2;RUA;;FAZENDA TATU;0;SN     ;44 17 19.1280 W;20 05 55.7100 S;FAZENDA DO TATU;1;32900000
31;30101;5;0;2;RUA;;FAZENDA TATU;0;SN     ;44 17 21.7620 W;20 06 0.8220 S;FAZENDA DO TATU;1;32900000
31;30101;5;0;2;RUA;;FAZENDA TATU;0;SN     ;44 17 21.8700 W;20 06 1.0500 S;FAZENDA DO TATU;1;32900000
31;30101;5;0;2;RUA;;FAZENDA TATU;290;;44 17 22.4280 W;20 05 59.1720 S;FAZENDA DO TATU;1;32900000
31;30101;5;0;2;RUA;;FAZENDA TATU;0;SN     ;44 17 8.2920 W;20 05 39.9420 S;FAZENDA DO TATU;1;32900000
31;30101;5;0;2;RUA;;FAZENDA TATU;26;;44 17 11.0460 W;20 05 39.7320 S;FAZENDA DO TATU;1;32900000
31;30101;5;0;2;RUA;;FAZENDA TATU;27;;44 17 58.4100 W;20 05 26.0100 S;FAZENDA DO TATU;1;32900000
31;30101;5;0;2;RUA;;DA CELUTA;39;;44 17 47.2260 W;20 05 13.1160 S;BAIRRO APARECIDA;1;32900000
31;30101;5;0;2;RUA;;DA CELUTA;110;;44 17 47.1840 W;20 05 15.8880 S;BAIRRO APARECIDA;1;32900000
31;30101;5;0;2;RUA;;DA CELUTA;50;;44 17 46.6320 W;20 05 16.4100 S;BAIRRO APARECIDA;1;32900000
31;30101;5;0;2;RUA;;DA CELUTA;125;;44 17 46.6440 W;20 05 16.4460 S;BAIRRO APARECIDA;1;32900000
31;30101;5;0;2;RUA;;DA CELUTA;137;;44 17 45.5640 W;20 05 17.8560 S;BAIRRO APARECIDA;1;32900000
31;30101;5;0;2;RUA;;DA CELUTA;0;SN     ;44 17 45.5220 W;20 05 20.8200 S;BAIRRO APARECIDA;7;32900000
31;30101;5;0;2;RUA;;DA CELUTA;147;;44 17 45.5520 W;20 05 20.8200 S;BAIRRO APARECIDA;1;32900000
31;30101;5;0;2;RUA;;DA CELUTA;250;;44 17 45.5340 W;20 05 20.8320 S;BAIRRO APARECIDA;1;32900000
31;30101;5;0;2;RUA;;DA CELUTA;0;SN     ;44 17 45.5820 W;20 05 22.0440 S;BAIRRO APARECIDA;1;32900000
31;30101;5;0;2;RUA;;DA CELUTA;180;;44 17 45.4740 W;20 05 20.9040 S;BAIRRO APARECIDA;1;32900000
31;30101;5;0;2;RUA;;DA CELUTA;130;;44 17 45.7440 W;20 05 20.7180 S;BAIRRO APARECIDA;1;32900000
31;30101;5;0;2;RUA;;VINTE E SEIS DE ABRIL;0;SN     ;44 17 44.5800 W;20 05 14.8020 S;BAIRRO APARECIDA;7;32900000
31;30101;5;0;2;RUA;;VINTE E SEIS DE ABRIL;0;SN     ;44 17 48.0960 W;20 05 13.1400 S;BAIRRO APARECIDA;7;32900000
31;30101;5;0;2;RUA;;VINTE E SEIS DE ABRIL;511;;44 17 21.6300 W;20 04 6.9480 S;BAIRRO APARECIDA;1;32900000
31;30101;5;0;2;RUA;;VINTE E SEIS DE ABRIL;515;;44 17 45.0720 W;20 05 20.3400 S;BAIRRO APARECIDA;1;32900000
31;30101;5;0;2;RUA;;AGROVISA;0;SN     ;44 18 4.6200 W;20 06 27.2040 S;FAZENDA AGROVISA;1;32900000
31;30101;5;0;2;RUA;;RUA NOVE;250;;44 17 54.4440 W;20 03 30.5700 S;BREJO LIMITE;1;32900000
31;30101;5;0;2;RUA;;RUA NOVE;260;;44 17 54.4380 W;20 03 30.5700 S;BREJO LIMITE;1;32900000
31;30101;5;0;2;RUA;;RUA NOVE;300;;44 17 54.4440 W;20 03 30.5700 S;BREJO LIMITE;1;32900000
31;30101;5;0;2;RUA;;RUA NOVE;310;;44 17 54.4440 W;20 03 30.5700 S;BREJO LIMITE;1;32900000
31;30101;5;0;2;RUA;;RUA NOVE;320;;44 17 54.4500 W;20 03 30.5700 S;BREJO LIMITE;1;32900000
31;30101;5;0;2;RUA;;RUA NOVE;350;;44 17 54.4440 W;20 03 30.5700 S;BREJO LIMITE;1;32900000
31;30101;5;0;2;RUA;;RUA NOVE;360;;44 17 54.4380 W;20 03 30.5700 S;BREJO LIMITE;1;32900000
31;30101;5;0;2;RUA;;RUA NOVE;380;;44 17 54.4380 W;20 03 30.5700 S;BREJO LIMITE;1;32900000
31;30101;5;0;2;RUA;;RUA NOVE;400;;44 17 54.4320 W;20 03 30.5700 S;BREJO LIMITE;1;32900000
31;30101;5;0;2;RUA;;RUA NOVE;410;;44 17 54.4320 W;20 03 30.5700 S;BREJO LIMITE;1;32900000
31;30101;5;0;2;RUA;;RUA NOVE;470;;44 17 54.4320 W;20 03 30.5700 S;BREJO LIMITE;1;32900000
31;30101;5;0;2;RUA;;RUA NOVE;450;;44 17 54.4320 W;20 03 30.5760 S;BREJO LIMITE;1;32900000
31;30101;5;0;2;RUA;;RUA NOVE;485;;44 17 54.4320 W;20 03 30.5820 S;BREJO LIMITE;1;32900000
31;30101;5;0;2;RUA;;RUA NOVE;490;;44 17 54.4320 W;20 03 30.5820 S;BREJO LIMITE;1;32900000
31;30101;5;0;2;RUA;;RUA NOVE;550;;44 17 54.4320 W;20 03 30.5760 S;BREJO LIMITE;1;32900000
31;30101;5;0;2;RUA;;RUA NOVE;590;;44 17 54.4320 W;20 03 30.5760 S;BREJO LIMITE;1;32900000
31;30101;5;0;2;RUA;;RUA NOVE;660;;44 17 54.4320 W;20 03 30.5760 S;BREJO LIMITE;1;32900000
31;30101;5;0;2;QUADRA;;BREJO;100;;44 17 54.6660 W;20 03 30.6000 S;VILA IPIRANGA;1;32900000
31;30101;5;0;2;QUADRA;;BREJO;120;;44 17 54.3420 W;20 03 31.0800 S;VILA IPIRANGA;1;32900000
31;30101;5;0;2;QUADRA;;BREJO;0;SN     ;44 16 48.5940 W;20 00 14.7300 S;VILA IPIRANGA;1;32900000
31;30101;5;0;2;QUADRA;;BREJO;0;SN     ;44 17 56.9940 W;20 00 18.0960 S;VILA IPIRANGA;1;32900000
31;30101;5;0;2;QUADRA;;BREJO;0;SN     ;44 17 57.9840 W;20 00 21.8280 S;VILA IPIRANGA;1;32900000
31;30101;5;0;2;QUADRA;;BREJO;53;;44 17 39.8880 W;20 00 31.6680 S;VILA IPIRANGA;1;32900000
31;30101;5;0;2;QUADRA;;BREJO;63;;44 17 39.8400 W;20 00 31.9200 S;VILA IPIRANGA;1;32900000
31;30101;5;0;2;QUADRA;;BREJO;0;SN     ;44 17 39.7680 W;20 00 31.8840 S;VILA IPIRANGA;1;32900000
31;30101;5;0;2;QUADRA;;BREJO;41;;44 17 17.1000 W;20 00 15.4140 S;VILA IPIRANGA;1;32900000
31;30101;5;0;2;QUADRA;;BREJO;0;SN     ;44 17 17.2140 W;20 00 15.9240 S;VILA IPIRANGA;1;32900000
31;30101;5;0;2;QUADRA;;BREJO;0;SN     ;44 16 34.7340 W;20 00 27.5940 S;VILA IPIRANGA;1;32900000
31;30101;5;0;2;AVENIDA;;RUI BARBOSA;147;;44 18 44.6280 W;20 05 35.4600 S;JARDIM NOVO ORIENTE;3;32900000
31;30101;5;0;2;AVENIDA;;RUI BARBOSA;140;;44 18 44.2860 W;20 05 35.5800 S;JARDIM NOVO ORIENTE;1;32900000
31;30101;5;0;2;AVENIDA;;RUI BARBOSA;129;;44 18 46.3740 W;20 05 36.0240 S;JARDIM NOVO ORIENTE;1;32900000
31;30101;5;0;2;AVENIDA;;RUI BARBOSA;225;;44 18 46.6980 W;20 05 35.9160 S;JARDIM NOVO ORIENTE;1;32900000
31;30101;5;0;2;AVENIDA;;RUI BARBOSA;147;;44 18 44.6280 W;20 05 35.4600 S;JARDIM NOVO ORIENTE;1;32900000
31;30101;5;0;2;AVENIDA;;RUI BARBOSA;123;;44 18 44.2800 W;20 05 35.6700 S;JARDIM NOVO ORIENTE;1;32900000
31;30101;5;0;2;AVENIDA;;RUI BARBOSA;88;;44 18 44.1780 W;20 05 36.4200 S;JARDIM NOVO ORIENTE;1;32900000
31;30101;5;0;2;AVENIDA;;RUI BARBOSA;98;;44 18 41.6280 W;20 05 36.1560 S;JARDIM NOVO ORIENTE;1;32900000
31;30101;5;0;2;AVENIDA;;RUI BARBOSA;0;;44 18 43.0980 W;20 05 36.2040 S;JARDIM NOVO ORIENTE;1;32900000
31;30101;5;0;2;AVENIDA;;RUI BARBOSA;421;;44 18 40.5960 W;20 05 36.5880 S;JARDIM NOVO ORIENTE;1;32900000
31;30101;5;0;2;AVENIDA;;RUI BARBOSA;0;;44 18 36.3720 W;20 05 37.1700 S;JARDIM NOVO ORIENTE;1;32900000
31;30101;5;0;2;AVENIDA;;RUI BARBOSA;0;;44 18 36.1920 W;20 05 36.8580 S;JARDIM NOVO ORIENTE;3;32900000
31;30101;5;0;2;RUA;;MANOEL BANDEIRA;129;;44 18 46.4460 W;20 05 37.9740 S;JARDIM NOVO ORIENT;1;32900000
31;30101;5;0;2;RUA;;MANOEL BANDEIRA;105;;44 18 46.1700 W;20 05 37.6800 S;JARDIM NOVO ORIENT;1;32900000
31;30101;5;0;2;RUA;;MANOEL BANDEIRA;0;;44 18 47.4840 W;20 05 37.9680 S;JARDIM NOVO ORIENT;1;32900000
31;30101;5;0;2;RUA;;MANOEL BANDEIRA;0;;44 18 47.1120 W;20 05 37.9800 S;JARDIM NOVO ORIENT;1;32900000
31;30101;5;0;2;RUA;;MANOEL BANDEIRA;43;;44 18 48.7620 W;20 05 37.8180 S;JARDIM NOVO ORIENT;1;32900000
31;30101;5;0;2;AVENIDA;;BR 381;0;SN     ;44 19 25.5720 W;20 06 30.5940 S;VISTA ALEGRE;1;32000000
31;30101;5;0;2;AVENIDA;;BR 381;0;SN     ;44 19 25.8240 W;20 06 32.0040 S;VISTA ALEGRE;1;32000000
31;30101;5;0;2;AVENIDA;;BR 381;0;SN     ;44 18 43.9860 W;20 05 39.0900 S;VISTA ALEGRE;3;32000000
31;30101;5;0;2;AVENIDA;;BR 381;0;SN     ;44 18 34.9380 W;20 05 7.1040 S;VISTA ALEGRE;1;32000000
31;30101;5;0;2;AVENIDA;;BR 381;462;KM     ;44 18 26.3400 W;20 06 47.2440 S;VISTA ALEGRE;6;32000000
31;30101;5;0;2;AVENIDA;;BR 381;0;;44 18 20.8920 W;20 04 58.0620 S;VISTA ALEGRE;1;32000000
31;30101;5;0;2;AVENIDA;;BR 381;0;;44 18 20.8920 W;20 04 58.0620 S;VISTA ALEGRE;3;32000000
31;30101;5;0;2;RUA;;MINAS GERAIS;124;;44 18 6.9960 W;20 04 40.8840 S;NOSSA SENHORA DO CARMO;1;32900000
31;30101;5;0;2;RUA;;MINAS GERAIS;100;;44 18 4.4640 W;20 04 40.6620 S;NOSSA SENHORA DO CARMO;1;32900000
31;30101;5;0;2;RUA;;MINAS GERAIS;112;;44 18 6.8400 W;20 04 40.7940 S;NOSSA SENHORA DO CARMO;1;32900000
31;30101;5;0;2;RUA;;MINAS GERAIS;125;;44 18 6.1200 W;20 04 42.0780 S;NOSSA SENHORA DO CARMO;6;32900000
31;30101;5;0;2;RUA;;MINAS GERAIS;123;;44 18 5.8200 W;20 04 40.2300 S;NOSSA SENHORA DO CARMO;1;32900000
31;30101;5;0;2;RUA;;MINAS GERAIS;100;;44 18 4.4640 W;20 04 40.6620 S;NOSSA SENHORA DO CARMO;3;32900000
31;30101;5;0;2;AVENIDA;;BRASIL;18;A      ;44 18 11.8560 W;20 04 37.5360 S;NOSSA SENHORA DO CARMO;1;32900000
31;30101;5;0;2;AVENIDA;;BRASIL;2325;;44 18 12.5700 W;20 04 37.4880 S;NOSSA SENHORA DO CARMO;1;32900000
31;30101;5;0;2;AVENIDA;;BRASIL;22;;44 18 12.6900 W;20 04 37.5000 S;NOSSA SENHORA DO CARMO;6;32900000
31;30101;5;0;2;AVENIDA;;BRASIL;23;;44 18 11.5380 W;20 04 37.0320 S;NOSSA SENHORA DO CARMO;1;32900000
31;30101;5;0;2;AVENIDA;;BRASIL;165;;44 18 10.9140 W;20 04 37.3560 S;NOSSA SENHORA DO CARMO;6;32900000
31;30101;5;0;2;AVENIDA;;BRASIL;191;;44 18 10.4040 W;20 04 37.7880 S;NOSSA SENHORA DO CARMO;1;32900000
31;30101;5;0;2;AVENIDA;;BORBA GATO;0;SN     ;44 17 56.6040 W;20 04 58.3980 S;CIDADE NOVA;3;32900000
31;30101;5;0;2;AVENIDA;;BORBA GATO;0;SN     ;44 17 58.0860 W;20 04 51.7920 S;CIDADE NOVA;7;32900000
31;30101;5;0;2;AVENIDA;;BORBA GATO;50;;44 17 58.1460 W;20 04 51.5160 S;CIDADE NOVA;6;32900000
31;30101;5;0;2;AVENIDA;;BORBA GATO;440;;44 17 58.2420 W;20 04 51.2460 S;CIDADE NOVA;2;32900000
31;30101;5;0;2;AVENIDA;;BORBA GATO;360;;44 17 58.5180 W;20 04 50.7960 S;CIDADE NOVA;7;32900000
31;30101;5;0;2;AVENIDA;;BORBA GATO;368;;44 17 55.4820 W;20 05 3.9900 S;CIDADE NOVA;1;32900000
31;30101;5;0;2;RUA;;TONICO DO JULIO;32;;44 17 59.1120 W;20 05 12.7920 S;FAZENDA DO TATU;1;32900000
31;30101;5;0;2;RUA;;TONICO DO JULIO;49;;44 17 55.2900 W;20 05 16.9980 S;FAZENDA DO TATU;1;32900000
31;30101;5;0;2;RUA;;TONICO DO JULIO;0;SN     ;44 17 57.8100 W;20 05 19.6200 S;FAZENDA DO TATU;1;32900000
31;30101;5;0;2;RUA;;TONICO DO JULIO;32;;44 17 59.1120 W;20 05 12.7920 S;FAZENDA DO TATU;3;32900000
31;30101;5;0;2;RUA;;TONICO DO JULIO;23;;44 17 21.7080 W;20 04 6.9180 S;FAZENDA DO TATU;1;32900000
31;30101;5;0;2;RUA;;TONICO DO JULIO;0;SN     ;44 17 59.1180 W;20 05 12.7920 S;FAZENDA DO TATU;1;32900000
31;30101;5;0;2;RUA;;TONICO DO JULIO;55;;44 17 54.4740 W;20 05 20.4960 S;FAZENDA DO TATU;1;32900000
31;30101;5;0;2;RUA;;TONICO DO JULIO;0;SN     ;44 17 53.6460 W;20 05 21.5940 S;FAZENDA DO TATU;1;32900000
31;30101;5;0;2;RUA;;TONICO DO JULIO;80;;44 17 55.8180 W;20 05 22.3440 S;FAZENDA DO TATU;1;32900000
31;30101;5;0;2;RUA;;TONICO DO JULIO;80;;44 17 55.7880 W;20 05 22.3200 S;FAZENDA DO TATU;1;32900000
31;30101;5;0;2;RUA;;TONICO DO JULIO;77;;44 17 54.5520 W;20 05 20.5680 S;FAZENDA DO TATU;1;32900000
31;30101;5;0;2;RUA;;TONICO DO JULIO;13;;44 17 57.3840 W;20 05 25.0440 S;FAZENDA DO TATU;1;32900000
31;30101;5;0;2;RUA;;TONICO DO JULIO;0;SN     ;44 17 57.9780 W;20 05 25.7700 S;FAZENDA DO TATU;1;32900000
31;30101;5;0;2;RUA;;TONICO DO JULIO;25;;44 17 53.5560 W;20 05 21.4740 S;FAZENDA DO TATU;1;32900000
31;30101;5;0;2;RUA;;TONICO DO JULIO;160;;44 17 52.2840 W;20 05 23.3880 S;FAZENDA DO TATU;1;32900000
31;30101;5;0;2;RUA;;TONICO DO JULIO;0;SN     ;44 17 55.0020 W;20 05 16.0980 S;FAZENDA DO TATU;1;32900000
31;30101;5;0;2;RUA;;TONICO DO JULIO;65;;44 17 54.7380 W;20 05 19.6560 S;FAZENDA DO TATU;1;32900000
31;30101;5;0;2;RUA;;FAZENDA TATU;6;;44 17 58.3440 W;20 05 25.6980 S;FAZENDA DO TATU;1;32900000
31;30101;5;0;2;RUA;;FAZENDA TATU;25;;44 17 55.3140 W;20 05 27.9480 S;FAZENDA DO TATU;1;32900000
31;30101;5;0;2;RUA;;FAZENDA TATU;69;;44 17 58.4100 W;20 05 26.0100 S;FAZENDA DO TATU;1;32900000
31;30101;5;0;2;RUA;;FAZENDA TATU;40;;44 17 54.5220 W;20 05 28.2120 S;FAZENDA DO TATU;1;32900000
31;30101;5;0;2;RUA;;FAZENDA TATU;0;SN     ;44 17 54.3300 W;20 05 29.4300 S;FAZENDA DO TATU;3;32900000
31;30101;5;0;2;RUA;;DO MOSQUITO;0;;44 19 37.8420 W;20 05 0.6720 S;VISTA ALEGRE;3;32900000
31;30101;5;0;2;RUA;;DO MOSQUITO;0;;44 19 44.0340 W;20 05 7.4340 S;VISTA ALEGRE;1;32900000
31;30101;5;0;2;RUA;;DO MOSQUITO;0;;44 19 37.8420 W;20 05 0.6720 S;VISTA ALEGRE;1;32900000
31;30101;5;0;2;RUA;;DO MOSQUITO;0;;44 19 28.5600 W;20 05 11.1660 S;VISTA ALEGRE;1;32900000
31;30101;5;0;2;RUA;;DO MOSQUITO;10;;44 19 24.0300 W;20 05 19.2660 S;VISTA ALEGRE;1;32900000
31;30101;5;0;2;RUA;;DO MOSQUITO;0;;44 19 24.0300 W;20 05 19.2660 S;VISTA ALEGRE;1;32900000
31;30101;5;0;2;RUA;;DO MOSQUITO;0;;44 19 24.0300 W;20 05 19.2660 S;VISTA ALEGRE;1;32900000
31;30101;5;0;2;RUA;;NORTE SUL;0;;44 18 25.7220 W;20 04 41.6520 S;VISTA ALEGRE;3;32900000
31;30101;5;0;2;RUA;;NORTE SUL;0;;44 18 25.7220 W;20 04 41.6520 S;VISTA ALEGRE;1;32900000
31;30101;5;0;2;RUA;;NORTE SUL;0;;44 19 5.7780 W;20 05 16.9620 S;VISTA ALEGRE;3;32900000
31;30101;5;0;2;RUA;;NORTE SUL;0;;44 19 5.7780 W;20 05 16.9620 S;VISTA ALEGRE;1;32900000
31;30101;5;0;2;RUA;;NORTE SUL;0;;44 19 5.7780 W;20 05 16.9620 S;VISTA ALEGRE;1;32900000
31;30101;5;0;2;RUA;;NORTE SUL;0;;44 19 5.7780 W;20 05 16.9620 S;VISTA ALEGRE;1;32900000
31;30101;5;0;2;RUA;;NORTE SUL;0;;44 19 5.7780 W;20 05 16.9620 S;VISTA ALEGRE;1;32900000
31;30101;5;0;2;RUA;;NORTE SUL;0;;44 19 5.7780 W;20 05 16.9620 S;VISTA ALEGRE;1;32900000
31;30101;5;0;2;RUA;;NORTE SUL;0;;44 19 33.3300 W;20 04 18.1740 S;VISTA ALEGRE;1;32900000
31;30101;5;0;2;RUA;;NORTE SUL;0;;44 19 5.7780 W;20 05 16.9620 S;VISTA ALEGRE;3;32900000
31;30101;5;0;2;RUA;;NORTE SUL;0;;44 19 2.4540 W;20 05 15.9480 S;VISTA ALEGRE;1;32900000
31;30101;5;0;2;RUA;;NORTE SUL;0;;44 19 2.4540 W;20 05 15.9480 S;VISTA ALEGRE;1;32900000
31;30101;5;0;2;RUA;;MARIA DAS GRACAS DE OLIVEIRA;0;;44 18 24.0120 W;20 04 46.5060 S;MADRE LILIANE;7;32900000
31;30101;5;0;2;RUA;;MARIA DAS GRACAS DE OLIVEIRA;113;;44 18 21.1680 W;20 04 42.8640 S;MADRE LILIANE;6;32900000
31;30101;5;0;2;RUA;;MARIA DAS GRACAS DE OLIVEIRA;99;;44 18 23.2800 W;20 04 39.4860 S;MADRE LILIANE;4;32900000
31;30101;5;0;2;RUA;;MARIA DAS GRACAS DE OLIVEIRA;44;;44 18 25.7220 W;20 04 41.6520 S;MADRE LILIANE;7;32900000
31;30101;5;0;2;RUA;;MARIA DAS GRACAS DE OLIVEIRA;230;;44 18 23.1420 W;20 04 43.9920 S;MADRE LILIANE;1;32900000
31;30101;5;0;2;RUA;;ANTONIO PATRICIO;65;;44 18 30.0720 W;20 04 41.8620 S;LAGO AZUL;1;32900000
31;30101;5;0;2;RUA;;ANTONIO PATRICIO;53;;44 18 30.0720 W;20 04 41.8620 S;LAGO AZUL;1;32900000
31;30101;5;0;2;RUA;;ANTONIO PATRICIO;250;;44 18 30.0720 W;20 04 41.8620 S;LAGO AZUL;7;32900000
31;30101;5;0;2;RUA;;ANTONIO PATRICIO;70;;44 18 26.0640 W;20 04 43.6440 S;LAGO AZUL;7;32900000
31;30101;5;0;2;RUA;;ANTONIO PATRICIO;22;;44 18 26.5740 W;20 04 38.7540 S;LAGO AZUL;1;32900000
31;30101;5;0;2;RUA;;ANTONIO PATRICIO;67;A      ;44 18 30.0720 W;20 04 41.8620 S;LAGO AZUL;1;32900000
31;30101;5;0;2;AVENIDA;;2;0;SN     ;44 20 12.3120 W;20 06 30.4680 S;VIVENDA SANTA MONICA;1;32900000
31;30101;5;0;2;AVENIDA;;2;0;SN     ;44 20 12.3120 W;20 06 30.4680 S;VIVENDA SANTA MONICA;6;32900000
31;30101;5;0;2;AVENIDA;;2;0;SN     ;44 20 12.3120 W;20 06 30.4680 S;VIVENDA SANTA MONICA;3;32900000
31;30101;5;0;2;RUA;;A;0;SN     ;44 21 0.3300 W;20 06 22.6200 S;RESIDENCIAL COQUEIROS;1;32900000
31;30101;5;0;2;RUA;;A;200;;44 20 8.4300 W;20 06 25.2960 S;RESIDENCIAL COQUEIROS;1;32900000
31;30101;5;0;2;RUA;;A;0;SN     ;44 20 9.2520 W;20 06 25.3500 S;RESIDENCIAL COQUEIROS;1;32900000
31;30101;5;0;2;RUA;;AGROVISA;0;SN     ;44 18 4.6740 W;20 06 27.3120 S;FAZENDA AGROVISA;1;32900000
31;30101;5;0;2;RUA;;AGROVISA;0;SN     ;44 18 3.7800 W;20 06 25.2120 S;FAZENDA AGROVISA;1;32900000
31;30101;5;0;2;RUA;;AGROVISA;0;SN     ;44 18 2.2440 W;20 06 23.2380 S;FAZENDA AGROVISA;1;32900000
31;30101;5;0;2;RUA;;AGROVISA;0;SN     ;44 18 2.4540 W;20 06 13.5600 S;FAZENDA AGROVISA;1;32900000
31;30101;5;0;2;RUA;;MANOEL DE ALENCAR;50;;44 18 43.9860 W;20 05 39.0900 S;JARDIM NOVO ORIENTE;1;32900000
31;30101;5;0;2;RUA;;CURVA DA BANHA;0;SN     ;44 19 3.6960 W;20 06 1.1220 S;CURVA DA BANHA;1;32900000
31;30101;5;0;2;RUA;;CURVA DA BANHA;0;SN     ;44 19 3.2940 W;20 06 1.3560 S;CURVA DA BANHA;1;32900000
31;30101;5;0;2;RUA;;FAZENDA DO TATU;10;;44 18 5.6760 W;20 05 43.7100 S;FAZENDA DO TATU;1;32900000
31;30101;5;0;2;RUA;;FAZENDA DO TATU;10;;44 18 5.6760 W;20 05 43.7100 S;FAZENDA DO TATU;3;32900000
31;30101;5;0;2;RUA;;FAZENDA DO TATU;0;;44 18 5.4600 W;20 05 43.4400 S;FAZENDA DO TATU;3;32900000
31;30101;5;0;2;RUA;;FAZENDA DO TATU;0;;44 18 3.6600 W;20 05 34.3320 S;FAZENDA DO TATU;1;32900000
31;30101;5;0;2;RUA;;FAZENDA DO TATU;0;;44 18 3.6600 W;20 05 34.3320 S;FAZENDA DO TATU;3;32900000
31;30101;5;0;2;RUA;;FAZENDA DO TATU;13;;44 18 1.1940 W;20 05 29.3460 S;FAZENDA DO TATU;1;32900000
31;30101;5;0;2;RUA;;FAZENDA DO TATU;0;;44 18 3.3960 W;20 05 22.4100 S;FAZENDA DO TATU;1;32900000
31;30101;5;0;2;RUA;;FAZENDA DO TATU;0;SN     ;44 17 55.6560 W;20 06 13.5960 S;FAZENDA DO TATU;1;32900000
31;30101;5;0;2;RUA;;FAZENDA DO TATU;0;SN     ;44 17 57.1740 W;20 06 13.8480 S;FAZENDA DO TATU;1;32900000
31;30101;5;0;2;RUA;;FAZENDA DO TATU;0;SN     ;44 17 55.6560 W;20 06 13.5960 S;FAZENDA DO TATU;3;32900000
31;30101;5;0;2;RUA;;FAZENDA DO TATU;0;SN     ;44 17 56.8380 W;20 06 13.8420 S;FAZENDA DO TATU;1;32900000
31;30101;5;0;2;RUA;;FAZENDA DO TATU;0;SN     ;44 17 53.9340 W;20 06 13.9440 S;FAZENDA DO TATU;1;32900000
31;30101;5;0;2;RUA;;FAZENDA DO TATU;0;SN     ;44 18 4.8240 W;20 05 25.1100 S;FAZENDA DO TATU;1;32900000
31;30101;5;0;2;RUA;;GILHERME ALMEIDA;7;;44 18 50.2260 W;20 05 38.0700 S;JARDIM NOVO ORIETE;3;32900000
31;30101;5;0;2;RUA;;GILHERME ALMEIDA;0;;44 18 44.7600 W;20 05 41.2380 S;JARDIM NOVO ORIETE;1;32900000
31;30101;5;0;2;RUA;;GILHERME ALMEIDA;0;;44 18 40.5900 W;20 05 42.1980 S;JARDIM NOVO ORIETE;3;32900000
31;30101;5;0;2;RUA;;GILHERME ALMEIDA;0;;44 18 40.1220 W;20 05 42.0180 S;JARDIM NOVO ORIETE;1;32900000
31;30101;5;0;2;RUA;;GILHERME ALMEIDA;130;;44 18 50.9100 W;20 05 39.6660 S;JARDIM NOVO ORIETE;1;32900000
31;30101;5;0;2;RUA;;GILHERME ALMEIDA;130;;44 18 51.0180 W;20 05 39.9600 S;JARDIM NOVO ORIETE;1;32900000
31;30101;5;0;2;RUA;;GILHERME ALMEIDA;0;BR 381 ;44 18 51.0900 W;20 05 39.9360 S;JARDIM NOVO ORIETE;7;32900000
31;30101;5;0;2;RUA;;GILHERME ALMEIDA;130;;44 18 50.9100 W;20 05 39.6660 S;JARDIM NOVO ORIETE;3;32900000
31;30101;5;0;2;RUA;;APOCALIPSE;0;SN     ;44 21 18.3960 W;20 06 10.7940 S;BATATAL;1;32900000
31;30101;5;0;2;RUA;;AOS ROMANOS;40;;44 21 23.0400 W;20 05 27.6120 S;BATATAL;1;32900000
31;30101;5;0;2;RUA;;AOS ROMANOS;10;;44 21 23.9400 W;20 05 27.7440 S;BATATAL;1;32900000
31;30101;5;0;2;RUA;;AOS ROMANOS;10;;44 21 26.4600 W;20 05 25.4160 S;BATATAL;1;32900000
31;30101;5;0;2;RUA;;AOS ROMANOS;9;;44 21 24.6000 W;20 05 27.8640 S;BATATAL;1;32900000
31;30101;5;0;2;RUA;;AOS ROMANOS;7;;44 21 23.7300 W;20 05 29.4900 S;BATATAL;1;32900000
31;30101;5;0;2;RUA;;AOS ROMANOS;40;;44 21 23.9400 W;20 05 27.7440 S;BATATAL;1;32900000
31;30101;5;0;2;RUA;;AOS ROMANOS;9;;44 21 26.3760 W;20 05 25.4760 S;BATATAL;1;32900000
31;30101;5;0;2;RUA;;AOS ROMANOS;9;;44 21 25.8300 W;20 05 28.6320 S;BATATAL;1;32900000
31;30101;5;0;2;RUA;;AOS ROMANOS;9;;44 21 25.8300 W;20 05 28.6320 S;BATATAL;6;32900000
31;30101;5;0;2;RUA;;AOS ROMANOS;5;;44 21 25.8300 W;20 05 28.6320 S;BATATAL;1;32900000
31;30101;5;0;2;RUA;;AOS ROMANOS;0;SN     ;44 21 23.8620 W;20 05 29.8860 S;BATATAL;1;32900000
31;30101;5;0;2;RUA;;AOS ROMANOS;23;;44 21 23.7300 W;20 05 29.4900 S;BATATAL;1;32900000
31;30101;5;0;2;RUA;;SEM NOME;0;SN     ;44 21 1.6440 W;20 05 43.0560 S;BATATAL;1;32900000
31;30101;5;0;2;RUA;;SEM NOME;0;SN     ;44 21 1.6440 W;20 05 43.0560 S;BATATAL;1;32900000
31;30101;5;0;2;RUA;;SEM NOME;0;SN     ;44 21 3.5520 W;20 05 46.7340 S;BATATAL;1;32900000
31;30101;5;0;2;RUA;;SEM NOME;0;SN     ;44 21 2.5620 W;20 05 44.4240 S;BATATAL;1;32900000
31;30101;5;0;2;RUA;;SEM NOME;0;SN     ;44 21 10.5180 W;20 06 4.5840 S;BATATAL;1;32900000
31;30101;5;0;2;ESTRADA;;BATATAL;0;SN     ;44 21 10.0080 W;20 05 28.5660 S;BATATAL;1;32900000
31;30101;5;0;2;ESTRADA;;BATATAL;0;SN     ;44 21 10.0080 W;20 05 28.5660 S;BATATAL;6;32900000
31;30101;5;0;2;ESTRADA;;BATATAL;6;;44 21 13.4700 W;20 05 21.0060 S;BATATAL;1;32900000
31;30101;5;0;2;ESTRADA;;BATATAL;2;;44 21 14.4120 W;20 05 22.8120 S;BATATAL;1;32900000
31;30101;5;0;2;ESTRADA;;BATATAL;6;;44 21 23.8020 W;20 05 33.5160 S;BATATAL;1;32900000
31;30101;5;0;2;ESTRADA;;BATATAL;8;;44 21 24.2100 W;20 05 34.3080 S;BATATAL;1;32900000
31;30101;5;0;2;ESTRADA;;BATATAL;12;;44 21 24.2100 W;20 05 34.3080 S;BATATAL;1;32900000
31;30101;5;0;2;ESTRADA;;BATATAL;0;SN     ;44 21 26.6340 W;20 05 56.2680 S;BATATAL;1;32900000
31;30101;5;0;2;ESTRADA;;BATATAL;100;;44 21 27.6300 W;20 05 56.2740 S;BATATAL;1;32900000
31;30101;5;0;2;ESTRADA;;BATATAL;0;SN     ;44 21 27.6600 W;20 05 57.2280 S;BATATAL;1;32900000
31;30101;5;0;2;ESTRADA;;BATATAL;0;SN     ;44 21 27.6600 W;20 05 57.2280 S;BATATAL;1;32900000
31;30101;5;0;2;ESTRADA;;BATATAL;120;;44 21 27.0420 W;20 05 55.7220 S;BATATAL;1;32900000
31;30101;5;0;2;ESTRADA;;BATATAL;500;;44 21 20.0280 W;20 05 52.9860 S;BATATAL;1;32900000
31;30101;5;0;2;ESTRADA;;BATATAL;500;;44 21 19.5240 W;20 05 52.9920 S;BATATAL;1;32900000
31;30101;5;0;2;ESTRADA;;BATATAL;0;SN     ;44 21 10.0080 W;20 05 28.5660 S;BATATAL;1;32900000
31;30101;5;0;2;ESTRADA;;BATATAL;6;;44 21 13.5720 W;20 05 21.9540 S;BATATAL;1;32900000
31;30101;5;0;2;ESTRADA;;BATATAL;4;;44 21 16.5000 W;20 05 24.4140 S;BATATAL;1;32900000
31;30101;5;0;2;ESTRADA;;BATATAL;6;;44 21 13.4820 W;20 05 20.9760 S;BATATAL;1;32900000
31;30101;5;0;2;AVENIDA;;BRASIL;165;;44 18 10.9140 W;20 04 37.3560 S;NOSSA SENHORA DO CARMO;1;32900000
31;30101;5;0;2;AVENIDA;;BRASIL;250;;44 18 6.5040 W;20 04 47.7360 S;NASSA SENHORA DO CARMO;1;32930
31;30101;5;0;2;AVENIDA;;BRASIL;250;;44 18 5.2980 W;20 04 46.3440 S;NASSA SENHORA DO CARMO;1;32930
31;30101;5;0;2;AVENIDA;;BRASIL;100;;44 18 4.5420 W;20 04 46.1040 S;NASSA SENHORA DO CARMO;1;32930
31;30101;5;0;2;RUA;;ALEM PARAIBA;106;;44 20 14.5200 W;20 04 44.2380 S;PLANALTO;1;32900000
31;30101;5;0;2;RUA;;ALEM PARAIBA;0;;44 20 15.0600 W;20 04 44.0400 S;PLANALTO;1;32900000
31;30101;5;0;2;RUA;;ALEM PARAIBA;146;;44 20 15.0600 W;20 04 44.0400 S;PLANALTO;1;32900000
31;30101;5;0;2;RUA;;ALEM PARAIBA;146;;44 20 15.0600 W;20 04 44.0400 S;PLANALTO;1;32900000
31;30101;5;0;2;RUA;;ALEM PARAIBA;240;;44 20 8.7480 W;20 04 41.7720 S;PLANALTO;1;32900000
31;30101;5;0;2;RUA;;ALEM PARAIBA;120;;44 20 8.7480 W;20 04 41.7720 S;PLANALTO;1;32900000
31;30101;5;0;2;RUA;;ALEM PARAIBA;420;;44 20 8.7480 W;20 04 41.7720 S;PLANALTO;1;32900000
31;30101;5;0;2;RUA;;ALEM PARAIBA;78;;44 20 15.0600 W;20 04 44.0400 S;PLANALTO;1;32900000
31;30101;5;0;2;RUA;;ALEM PARAIBA;210;;44 20 15.0600 W;20 04 44.0400 S;PLANALTO;1;32900000
31;30101;5;0;2;RUA;;ALEM PARAIBA;430;;44 20 8.7480 W;20 04 41.7720 S;PLANALTO;1;32900000
31;30101;5;0;2;RUA;;ALEM PARAIBA;430;B      ;44 20 2.5140 W;20 04 39.4320 S;PLANALTO;1;32900000
31;30101;5;0;2;RUA;;ALEM PARAIBA;0;;44 20 8.7480 W;20 04 41.7720 S;PLANALTO;6;32900000
31;30101;5;0;2;RUA;;ALEM PARAIBA;338;;44 20 8.7480 W;20 04 41.7720 S;PLANALTO;1;32900000
31;30101;5;0;2;RUA;;ALEM PARAIBA;0;;44 20 2.5140 W;20 04 39.4320 S;PLANALTO;1;32900000
31;30101;5;0;2;RUA;;DO MOSQUITO;0;;44 19 29.6640 W;20 05 7.5240 S;VISTA ALEGRE;1;32900000
31;30101;5;0;2;RUA;;DO MOSQUITO;0;;44 19 30.1020 W;20 05 6.9480 S;VISTA ALEGRE;1;32900000
31;30101;5;0;2;RUA;;DO MOSQUITO;0;;44 19 40.9380 W;20 05 0.4380 S;VISTA ALEGRE;1;32900000
31;30101;5;0;2;RUA;;DO MOSQUITO;0;;44 19 39.9360 W;20 04 56.0580 S;VISTA ALEGRE;1;32900000
31;30101;5;0;2;RUA;;DO MOSQUITO;0;;44 19 13.9320 W;20 04 46.4220 S;VISTA ALEGRE;1;32900000
31;30101;5;0;2;RUA;;DO MOSQUITO;0;;44 19 46.0080 W;20 04 54.0720 S;VISTA ALEGRE;1;32900000
31;30101;5;0;2;RUA;;DO MOSQUITO;0;;44 19 42.9240 W;20 05 15.1980 S;VISTA ALEGRE;1;32900000
31;30101;5;0;2;RUA;;DO MOSQUITO;0;;44 19 43.9380 W;20 05 15.8160 S;VISTA ALEGRE;1;32900000
31;30101;5;0;2;RUA;;DO MOSQUITO;0;;44 19 43.9380 W;20 05 15.8160 S;VISTA ALEGRE;1;32900000
31;30101;5;0;2;RUA;;DO MOSQUITO;0;;44 19 40.7940 W;20 05 19.2600 S;VISTA ALEGRE;1;32900000
31;30101;5;0;2;ESTRADA;;VARGINHA;0;SN     ;44 21 9.8580 W;20 06 23.6640 S;SAO FRANCISCO;1;32900000
31;30101;5;0;2;ESTRADA;;VARGINHA;0;SN     ;44 21 3.9540 W;20 05 5.5860 S;SAO FRANCISCO;1;32900000
31;30101;5;0;2;ESTRADA;;VARGINHA;0;SN     ;44 21 3.9660 W;20 05 5.5980 S;SAO FRANCISCO;1;32900000
31;30101;5;0;2;ESTRADA;;VARGINHA;0;SN     ;44 21 3.8340 W;20 05 5.8320 S;SAO FRANCISCO;1;32900000
31;30101;5;0;2;ESTRADA;;VARGINHA;0;SN     ;44 21 3.3900 W;20 05 6.4800 S;SAO FRANCISCO;1;32900000
31;30101;5;0;2;RUA;;RIO DOCE;345;;44 21 48.2520 W;20 05 30.5160 S;BATATAL;1;32900000
31;30101;5;0;2;RUA;;RIO DOCE;345;;44 21 48.4260 W;20 05 30.4020 S;BATATAL;1;32900000
31;30101;5;0;2;RUA;;RIO DOCE;285;;44 21 49.2120 W;20 05 27.0180 S;BATATAL;1;32900000
31;30101;5;0;2;RUA;;RIO DOCE;235;;44 21 49.2120 W;20 05 27.0180 S;BATATAL;1;32900000
31;30101;5;0;2;RUA;;PRINCIPAL;0;SN     ;44 21 24.7680 W;20 06 7.4460 S;BATATAL;1;32900000
31;30101;5;0;2;RUA;;PRINCIPAL;0;SN     ;44 21 24.7680 W;20 06 7.4460 S;BATATAL;3;32900000
31;30101;5;0;2;RUA;;PRINCIPAL;8;;44 21 19.5240 W;20 05 52.9920 S;BATATAL;1;32900000
31;30101;5;0;2;RUA;;PRINCIPAL;18;;44 21 26.5260 W;20 06 2.5020 S;BATATAL;1;32900000
31;30101;5;0;2;RUA;;PRINCIPAL;20;;44 21 16.8360 W;20 06 7.6560 S;BATATAL;1;32900000
31;30101;5;0;2;RUA;;PRINCIPAL;20;;44 21 16.8480 W;20 06 7.5360 S;BATATAL;1;32900000
31;30101;5;0;2;RUA;;PRINCIPAL;20;;44 21 16.8480 W;20 06 7.5360 S;BATATAL;6;32900000
31;30101;5;0;2;RUA;;PRINCIPAL;43;;44 21 21.9480 W;20 06 6.2460 S;BATATAL;1;32900000
31;30101;5;0;2;RUA;;PRINCIPAL;14;;44 21 16.8780 W;20 06 7.6140 S;BATATAL;6;32900000
31;30101;5;0;2;RUA;;PRINCIPAL;0;SN     ;44 21 16.8780 W;20 06 7.6140 S;BATATAL;1;32900000
31;30101;5;0;2;RUA;;PRINCIPAL;0;SN     ;44 21 16.8780 W;20 06 7.6140 S;BATATAL;3;32900000
31;30101;5;0;2;RUA;;PRINCIPAL;0;SN     ;44 21 16.8780 W;20 06 7.6140 S;BATATAL;6;32900000
31;30101;5;0;2;RUA;;PRINCIPAL;0;SN     ;44 21 14.7780 W;20 06 10.0440 S;BATATAL;1;32900000
31;30101;5;0;2;RUA;;PRINCIPAL;0;SN     ;44 21 14.8980 W;20 06 9.9480 S;BATATAL;1;32900000
31;30101;5;0;2;RUA;;PRINCIPAL;0;SN     ;44 21 14.8980 W;20 06 9.9480 S;BATATAL;3;32900000
31;30101;5;0;2;RUA;;PRINCIPAL;0;SN     ;44 21 14.8980 W;20 06 9.9480 S;BATATAL;6;32900000
31;30101;5;0;2;RUA;;PRINCIPAL;0;SN     ;44 21 14.8980 W;20 06 9.9480 S;BATATAL;1;32900000
31;30101;5;0;2;RUA;;PRINCIPAL;0;SN     ;44 21 2.5620 W;20 05 44.4240 S;BATATAL;1;32900000
31;30101;5;0;2;RUA;;PRINCIPAL;0;SN     ;44 21 2.5620 W;20 05 44.4240 S;BATATAL;3;32900000
31;30101;5;0;2;RUA;;PRINCIPAL;0;SN     ;44 21 2.5620 W;20 05 44.4240 S;BATATAL;6;32900000
31;30101;5;0;2;RUA;;PRINCIPAL;0;SN     ;44 20 51.4440 W;20 05 36.7080 S;BATATAL;1;32900000
31;30101;5;0;2;RUA;;PRINCIPAL;0;SN     ;44 20 49.7640 W;20 05 34.6800 S;BATATAL;1;32900000
31;30101;5;0;2;RUA;;PRINCIPAL;0;SN     ;44 20 49.7640 W;20 05 34.6800 S;BATATAL;6;32900000
31;30101;5;0;2;RUA;;PRINCIPAL;0;SN     ;44 20 49.7640 W;20 05 34.6800 S;BATATAL;3;32900000
31;30101;5;0;2;RUA;;PRINCIPAL;0;SN     ;44 20 48.3840 W;20 05 31.5300 S;BATATAL;1;32900000
31;30101;5;0;2;RUA;;PRINCIPAL;0;SN     ;44 20 48.3840 W;20 05 31.5300 S;BATATAL;1;32900000
31;30101;5;0;2;RUA;;PRINCIPAL;0;SN     ;44 20 48.3840 W;20 05 31.5300 S;BATATAL;3;32900000
31;30101;5;0;2;RUA;;A;0;SN     ;44 20 12.3120 W;20 06 30.4680 S;RESIDENCIAL COQUEIROS;1;32900000
31;30101;5;0;2;RUA;;NOVE;472;;44 20 58.9740 W;20 06 10.5180 S;FAZENDA MIRANTE;7;32900000
31;30101;5;0;2;RUA;;NOVE;492;;44 20 58.1340 W;20 06 15.4980 S;FAZENDA MIRANTE;1;32900000
31;30101;5;0;2;RUA;;NOVE;0;SN     ;44 21 0.1740 W;20 06 21.6060 S;FAZENDA MIRANTE;7;32900000
31;30101;5;0;2;RUA;;NOVE;730;;44 21 0.1740 W;20 06 21.6060 S;FAZENDA MIRANTE;1;32900000
31;30101;5;0;2;RUA;;NOVE;744;;44 21 0.2820 W;20 06 22.9800 S;FAZENDA MIRANTE;1;32900000
31;30101;5;0;2;RUA;;NOVE;1445;;44 21 0.3300 W;20 06 22.6200 S;FAZENDA MIRANTE;1;32900000
31;30101;5;0;2;RUA;;OITO;399;;44 20 58.9740 W;20 06 10.5180 S;BATATAL;1;32900000
31;30101;5;0;2;RUA;;ESTRADA SEM NOME;0;SN     ;44 21 7.6080 W;20 06 13.4160 S;BATATAL;1;32900000
31;30101;5;0;2;RUA;;ESTRADA SEM NOME;0;SN     ;44 21 6.1620 W;20 06 14.1180 S;BATATAL;1;32900000
31;30101;5;0;2;RUA;;ESTRADA SEM NOME;0;SN     ;44 21 9.8580 W;20 06 23.6640 S;BATATAL;1;32900000
31;30101;5;0;2;RUA;;ESTRADA SEM NOME;0;SN     ;44 21 9.8520 W;20 06 23.7180 S;BATATAL;1;32900000
31;30101;5;0;2;RUA;;ESTRADA SEM NOME;0;SN     ;44 21 7.5480 W;20 06 25.0560 S;BATATAL;1;32900000
31;30101;5;0;2;RUA;;APOCALIPSE;100;;44 21 29.1900 W;20 06 24.1920 S;BATATAL;1;32900000
31;30101;5;0;2;RUA;;APOCALIPSE;0;SN     ;44 21 19.8960 W;20 06 25.9380 S;BATATAL;1;32900000
31;30101;5;0;2;RUA;;APOCALIPSE;0;SN     ;44 21 19.8960 W;20 06 25.9380 S;BATATAL;1;32900000
31;30101;5;0;2;RUA;;APOCALIPSE;0;SN     ;44 21 19.8960 W;20 06 25.9380 S;BATATAL;1;32900000
31;30101;5;0;2;RUA;;APOCALIPSE;0;SN     ;44 21 8.8980 W;20 06 37.5960 S;BATATAL;1;32900000
31;30101;5;0;2;RUA;;APOCALIPSE;0;SN     ;44 21 8.8980 W;20 06 37.5960 S;BATATAL;1;32900000
31;30101;5;0;2;RUA;;APOCALIPSE;0;SN     ;44 21 16.1580 W;20 06 26.7120 S;BATATAL;1;32900000
31;30101;5;0;2;RUA;;APOCALIPSE;0;SN     ;44 21 19.3860 W;20 06 23.0460 S;BATATAL;1;32900000
31;30101;5;0;2;RUA;;APOCALIPSE;0;SN     ;44 21 19.2720 W;20 06 22.3500 S;BATATAL;1;32900000
31;30101;5;0;2;RUA;;APOCALIPSE;0;SN     ;44 21 19.2720 W;20 06 22.3500 S;BATATAL;1;32900000
31;30101;5;0;2;RUA;;APOCALIPSE;0;SN     ;44 21 18.4380 W;20 06 16.7040 S;BATATAL;1;32900000
31;30101;5;0;2;RUA;;APOCALIPSE;0;SN     ;44 21 18.4560 W;20 06 14.0580 S;BATATAL;1;32900000
31;30101;5;0;2;RUA;;APOCALIPSE;0;SN     ;44 21 18.3960 W;20 06 10.7940 S;BATATAL;6;32900000
31;30101;5;0;2;RUA;;APOCALIPSE;16;;44 21 18.3960 W;20 06 10.7940 S;BATATAL;1;32900000
31;30101;5;0;2;RUA;;APOCALIPSE;0;SN     ;44 21 17.8920 W;20 06 8.1240 S;BATATAL;6;32900000
31;30101;5;0;2;RUA;;PRINCIPAL;0;SN     ;44 20 50.8380 W;20 05 16.6140 S;BATATAL;1;32900000
31;30101;5;0;2;RUA;;PRINCIPAL;0;SN     ;44 21 16.0140 W;20 06 9.0120 S;BATATAL;1;32900000
31;30101;5;0;2;RUA;;PRINCIPAL;0;SN     ;44 20 54.3000 W;20 05 25.8180 S;BATATAL;6;32900000
31;30101;5;0;2;RUA;;PRINCIPAL;0;SN     ;44 20 54.3000 W;20 05 25.8180 S;BATATAL;1;32900000
31;30101;5;0;2;RUA;;PRINCIPAL;0;SN     ;44 20 54.3000 W;20 05 25.8180 S;BATATAL;3;32900000
31;30101;5;0;2;RUA;;PRINCIPAL;0;SN     ;44 20 57.4200 W;20 05 26.2020 S;BATATAL;1;32900000
31;30101;5;0;2;RUA;;PRINCIPAL;0;SN     ;44 20 54.7800 W;20 05 23.4840 S;BATATAL;1;32900000
31;30101;5;0;2;RUA;;PRINCIPAL;51;;44 21 27.5880 W;20 06 1.6080 S;BATATAL;7;32900000
31;30101;5;0;2;RUA;;PRINCIPAL;45;;44 21 27.4860 W;20 06 1.9019 S;BATATAL;1;32900000
31;30101;5;0;2;RUA;;PRINCIPAL;63;;44 21 26.4000 W;20 06 3.1500 S;BATATAL;1;32900000
31;30101;5;0;2;RUA;;PRINCIPAL;63;;44 21 26.9520 W;20 06 3.0060 S;BATATAL;6;32900000
31;30101;5;0;2;RUA;;PRINCIPAL;0;SN     ;44 21 25.2600 W;20 06 33.0420 S;BATATAL;1;32900000
31;30101;5;0;2;RUA;;PRINCIPAL;0;SN     ;44 21 28.0080 W;20 06 31.3020 S;BATATAL;1;32900000
31;30101;5;0;2;RUA;;PRINCIPAL;0;SN     ;44 21 28.0080 W;20 06 31.3020 S;BATATAL;3;32900000
31;30101;5;0;2;RUA;;PRINCIPAL;0;SN     ;44 21 28.0080 W;20 06 31.3020 S;BATATAL;6;32900000
31;30101;5;0;2;RUA;;PRINCIPAL;0;SN     ;44 21 29.1900 W;20 06 24.1920 S;BATATAL;3;32900000
31;30101;5;0;2;RUA;;PRINCIPAL;0;SN     ;44 21 29.0280 W;20 06 24.1680 S;BATATAL;1;32900000
31;30101;5;0;2;RUA;;PRINCIPAL;0;SN     ;44 21 29.1900 W;20 06 24.1920 S;BATATAL;1;32900000
31;30101;5;0;2;RUA;;PRINCIPAL;63;;44 21 26.9520 W;20 06 3.0060 S;BATATAL;1;32900000
31;30101;5;0;2;RUA;;PRINCIPAL;0;SN     ;44 21 24.5220 W;20 06 6.0660 S;BATATAL;1;32900000
31;30101;5;0;2;RUA;;PRINCIPAL;0;SN     ;44 21 24.5220 W;20 06 6.0660 S;BATATAL;1;32900000
31;30101;5;0;2;RUA;;PRINCIPAL;0;SN     ;44 21 4.8780 W;20 06 7.7100 S;BATATAL;1;32900000
31;30101;5;0;2;RUA;;PRINCIPAL;0;SN     ;44 21 3.3900 W;20 05 6.4800 S;BATATAL;3;32900000
31;30101;5;0;2;RUA;;BATATAL;0;SN     ;44 21 40.3140 W;20 06 8.5980 S;BATATAL;1;32900000
31;30101;5;0;2;RUA;;BATATAL;0;SN     ;44 21 39.8040 W;20 06 10.1940 S;BATATAL;1;32900000
31;30101;5;0;2;RUA;;BATATAL;200;;44 21 40.6980 W;20 06 7.0620 S;BATATAL;1;32900000
31;30101;5;0;2;RUA;;BATATAL;200;;44 21 40.7280 W;20 06 7.0140 S;BATATAL;1;32900000
31;30101;5;0;2;RUA;;BATATAL;0;SN     ;44 21 44.8320 W;20 05 55.4760 S;BATATAL;1;32900000
31;30101;5;0;2;RUA;;BATATAL;0;SN     ;44 21 44.9400 W;20 05 55.5900 S;BATATAL;1;32900000
31;30101;5;0;2;RUA;;BATATAL;0;SN     ;44 21 44.8320 W;20 05 55.4760 S;BATATAL;3;32900000
31;30101;5;0;2;RUA;;BATATAL;0;SN     ;44 21 44.8320 W;20 05 55.4760 S;BATATAL;1;32900000
31;30101;5;0;2;RUA;;BATATAL;0;SN     ;44 21 39.8760 W;20 05 59.7780 S;BATATAL;1;32900000
31;30101;5;0;2;RUA;;BATATAL;0;SN     ;44 21 39.8760 W;20 05 59.7780 S;BATATAL;1;32900000
31;30101;5;0;2;RUA;;BATATAL;0;SN     ;44 21 39.8760 W;20 05 59.7780 S;BATATAL;6;32900000
31;30101;5;0;2;RUA;;BATATAL;100;;44 21 37.2960 W;20 05 15.2700 S;BATATAL;1;32900000
31;30101;5;0;2;RUA;;BATATAL;0;SN     ;44 21 36.7560 W;20 06 4.7820 S;BATATAL;3;32900000
31;30101;5;0;2;ESTRADA;;BATATAL;350;;44 21 14.9580 W;20 05 23.1540 S;BATATAL;7;32900000
31;30101;5;0;2;ESTRADA;;BATATAL;242;;44 21 18.0840 W;20 05 23.9880 S;BATATAL;1;32900000
31;30101;5;0;2;ESTRADA;;BATATAL;250;;44 21 21.8040 W;20 05 24.9360 S;BATATAL;1;32900000
31;30101;5;0;2;ESTRADA;;BATATAL;11;;44 21 21.8040 W;20 05 24.9360 S;BATATAL;1;32900000
31;30101;5;0;2;ESTRADA;;BATATAL;22;;44 21 24.1080 W;20 05 33.1680 S;BATATAL;1;32900000
31;30101;5;0;2;ESTRADA;;BATATAL;15;;44 21 24.7020 W;20 05 32.8560 S;BATATAL;1;32900000
31;30101;5;0;2;ESTRADA;;BATATAL;15;;44 21 24.9120 W;20 05 32.7480 S;BATATAL;1;32900000
31;30101;5;0;2;ESTRADA;;BATATAL;45;;44 21 24.4200 W;20 05 33.3240 S;BATATAL;1;32900000
31;30101;5;0;2;ESTRADA;;BATATAL;1;;44 21 24.9600 W;20 05 32.8680 S;BATATAL;1;32900000
31;30101;5;0;2;ESTRADA;;BATATAL;0;SN     ;44 21 40.8180 W;20 05 33.6240 S;BATATAL;1;32900000
31;30101;5;0;2;ESTRADA;;BATATAL;0;SN     ;44 21 40.8240 W;20 05 33.5940 S;BATATAL;1;32900000
31;30101;5;0;2;ESTRADA;;BATATAL;0;SN     ;44 21 35.2740 W;20 05 56.7600 S;BATATAL;1;32900000
31;30101;5;0;2;ESTRADA;;BATATAL;0;SN     ;44 21 35.2740 W;20 05 56.7600 S;BATATAL;6;32900000
31;30101;5;0;2;ESTRADA;;BATATAL;51;;44 21 27.5340 W;20 05 59.6400 S;BATATAL;1;32900000
31;30101;5;0;2;ESTRADA;;BATATAL;55;;44 21 27.5340 W;20 05 59.6400 S;BATATAL;1;32900000
31;30101;5;0;2;ESTRADA;;BATATAL;55;;44 21 28.2120 W;20 06 1.6620 S;BATATAL;1;32900000
31;30101;5;0;2;ESTRADA;;BATATAL;51;;44 21 31.0080 W;20 06 1.5240 S;BATATAL;1;32900000
31;30101;5;0;2;ESTRADA;;BATATAL;0;SN     ;44 21 26.6340 W;20 05 56.2680 S;BATATAL;1;32900000
31;30101;5;0;2;ESTRADA;;BATATAL;0;SN     ;44 21 15.8760 W;20 05 19.1880 S;BATATAL;1;32900000
31;30101;5;0;2;ESTRADA;;VARGINHA;1761;;44 21 21.7680 W;20 05 3.7500 S;SAO FRANCISCO;1;32900000
31;30101;5;0;2;ESTRADA;;VARGINHA;1761;;44 21 21.7680 W;20 05 3.7500 S;SAO FRANCISCO;6;32900000
31;30101;5;0;2;ESTRADA;;VARGINHA;1000;;44 21 21.7680 W;20 05 3.7500 S;SAO FRANCISCO;1;32900000
31;30101;5;0;2;ESTRADA;;VARGINHA;1000;;44 21 21.7680 W;20 05 3.7500 S;SAO FRANCISCO;6;32900000
31;30101;5;0;2;ESTRADA;;VARGINHA;1899;;44 21 24.2640 W;20 05 4.3320 S;SAO FRANCISCO;1;32900000
31;30101;5;0;2;ESTRADA;;VARGINHA;1899;;44 21 25.5660 W;20 05 3.4440 S;SAO FRANCISCO;1;32900000
31;30101;5;0;2;ESTRADA;;VARGINHA;0;SN     ;44 21 23.9520 W;20 05 4.4880 S;SAO FRANCISCO;1;32900000
31;30101;5;0;2;ESTRADA;;VARGINHA;1999;;44 21 33.9720 W;20 05 4.7160 S;SAO FRANCISCO;6;32900000
31;30101;5;0;2;ESTRADA;;VARGINHA;1843;;44 21 23.9520 W;20 05 4.4880 S;SAO FRANCISCO;7;32900000
